trajectory,step,mode,group_size,rmse_vs_full_bf16
fox2026,1,Hybrid,0,0.000454224
fox2026,1,Row-wise,0,0.000355802
fox2026,1,G1024,1024,0.000401426
fox2026,1,G128,128,0.000374592
fox2026,2,Hybrid,0,0.000658937
fox2026,2,Row-wise,0,0.000604866
fox2026,2,G1024,1024,0.000622574
fox2026,2,G128,128,0.000710240
fox2026,3,Hybrid,0,0.000860116
fox2026,3,Row-wise,0,0.000976768
fox2026,3,G1024,1024,0.000903360
fox2026,3,G128,128,0.001139004
fox2026,4,Hybrid,0,0.001358734
fox2026,4,Row-wise,0,0.001537247
fox2026,4,G1024,1024,0.001370342
fox2026,4,G128,128,0.001706356
fox2026,5,Hybrid,0,0.001893683
fox2026,5,Row-wise,0,0.002028849
fox2026,5,G1024,1024,0.001784075
fox2026,5,G128,128,0.002579518
fox2026,6,Hybrid,0,0.003043170
fox2026,6,Row-wise,0,0.003223188
fox2026,6,G1024,1024,0.002491041
fox2026,6,G128,128,0.004062843
fox2026,7,Hybrid,0,0.004693766
fox2026,7,Row-wise,0,0.004973343
fox2026,7,G1024,1024,0.003410405
fox2026,7,G128,128,0.006115877
fox2026,8,Hybrid,0,0.006690063
fox2026,8,Row-wise,0,0.007619544
fox2026,8,G1024,1024,0.004856720
fox2026,8,G128,128,0.007874071
fox2026,9,Hybrid,0,0.011300684
fox2026,9,Row-wise,0,0.012983272
fox2026,9,G1024,1024,0.008311060
fox2026,9,G128,128,0.009004294
fox2026,10,Hybrid,0,0.017103229
fox2026,10,Row-wise,0,0.019276488
fox2026,10,G1024,1024,0.011643394
fox2026,10,G128,128,0.011032181
fox2026,11,Hybrid,0,0.023987689
fox2026,11,Row-wise,0,0.026688676
fox2026,11,G1024,1024,0.014406345
fox2026,11,G128,128,0.013784948
fox2026,12,Hybrid,0,0.032849314
fox2026,12,Row-wise,0,0.035356829
fox2026,12,G1024,1024,0.017589062
fox2026,12,G128,128,0.017612935
fox2026,13,Hybrid,0,0.043357951
fox2026,13,Row-wise,0,0.046075634
fox2026,13,G1024,1024,0.022502898
fox2026,13,G128,128,0.022980490
fox2026,14,Hybrid,0,0.056497845
fox2026,14,Row-wise,0,0.059233485
fox2026,14,G1024,1024,0.029010297
fox2026,14,G128,128,0.029785445
fox2026,15,Hybrid,0,0.073656439
fox2026,15,Row-wise,0,0.076609630
fox2026,15,G1024,1024,0.038097795
fox2026,15,G128,128,0.039616411
fox2026,16,Hybrid,0,0.097217188
fox2026,16,Row-wise,0,0.100644448
fox2026,16,G1024,1024,0.050866697
fox2026,16,G128,128,0.053670921
fox2026,17,Hybrid,0,0.131669290
fox2026,17,Row-wise,0,0.135808473
fox2026,17,G1024,1024,0.069959868
fox2026,17,G128,128,0.075140857
fox2026,18,Hybrid,0,0.186070762
fox2026,18,Row-wise,0,0.191399808
fox2026,18,G1024,1024,0.100654129
fox2026,18,G128,128,0.109922696
fox2026,19,Hybrid,0,0.285778315
fox2026,19,Row-wise,0,0.292526767
fox2026,19,G1024,1024,0.158310151
fox2026,19,G128,128,0.176067920
fox2026,20,Hybrid,0,0.517687127
fox2026,20,Row-wise,0,0.526883598
fox2026,20,G1024,1024,0.300797794
fox2026,20,G128,128,0.337103975
sky100,1,Hybrid,0,0.000224693
sky100,1,Row-wise,0,0.000231407
sky100,1,G1024,1024,0.000281540
sky100,1,G128,128,0.000196254
sky100,2,Hybrid,0,0.000411927
sky100,2,Row-wise,0,0.000515260
sky100,2,G1024,1024,0.000495952
sky100,2,G128,128,0.000391009
sky100,3,Hybrid,0,0.000695943
sky100,3,Row-wise,0,0.000884051
sky100,3,G1024,1024,0.000871581
sky100,3,G128,128,0.000678558
sky100,4,Hybrid,0,0.001220952
sky100,4,Row-wise,0,0.001859557
sky100,4,G1024,1024,0.001681173
sky100,4,G128,128,0.001308058
sky100,5,Hybrid,0,0.002042829
sky100,5,Row-wise,0,0.003120790
sky100,5,G1024,1024,0.002893093
sky100,5,G128,128,0.002144002
sky100,6,Hybrid,0,0.002576210
sky100,6,Row-wise,0,0.004504029
sky100,6,G1024,1024,0.003859560
sky100,6,G128,128,0.002728314
sky100,7,Hybrid,0,0.003507200
sky100,7,Row-wise,0,0.006559497
sky100,7,G1024,1024,0.005337028
sky100,7,G128,128,0.003657237
sky100,8,Hybrid,0,0.004871039
sky100,8,Row-wise,0,0.009854239
sky100,8,G1024,1024,0.007812785
sky100,8,G128,128,0.004958318
sky100,9,Hybrid,0,0.005481955
sky100,9,Row-wise,0,0.014005201
sky100,9,G1024,1024,0.010839524
sky100,9,G128,128,0.005973708
sky100,10,Hybrid,0,0.006971895
sky100,10,Row-wise,0,0.019398526
sky100,10,G1024,1024,0.014938788
sky100,10,G128,128,0.007794391
sky100,11,Hybrid,0,0.008940601
sky100,11,Row-wise,0,0.025893220
sky100,11,G1024,1024,0.019652971
sky100,11,G128,128,0.010007027
sky100,12,Hybrid,0,0.011458867
sky100,12,Row-wise,0,0.033637498
sky100,12,G1024,1024,0.025605954
sky100,12,G128,128,0.012622780
sky100,13,Hybrid,0,0.014776532
sky100,13,Row-wise,0,0.043669936
sky100,13,G1024,1024,0.033352703
sky100,13,G128,128,0.016442243
sky100,14,Hybrid,0,0.019463110
sky100,14,Row-wise,0,0.055896001
sky100,14,G1024,1024,0.043456172
sky100,14,G128,128,0.021808615
sky100,15,Hybrid,0,0.026331794
sky100,15,Row-wise,0,0.072076843
sky100,15,G1024,1024,0.057153826
sky100,15,G128,128,0.029399485
sky100,16,Hybrid,0,0.037112794
sky100,16,Row-wise,0,0.094776942
sky100,16,G1024,1024,0.076705097
sky100,16,G128,128,0.041125770
sky100,17,Hybrid,0,0.054705147
sky100,17,Row-wise,0,0.128215557
sky100,17,G1024,1024,0.105619550
sky100,17,G128,128,0.059888275
sky100,18,Hybrid,0,0.085156258
sky100,18,Row-wise,0,0.181048122
sky100,18,G1024,1024,0.151739123
sky100,18,G128,128,0.091457948
sky100,19,Hybrid,0,0.144353902
sky100,19,Row-wise,0,0.276035948
sky100,19,G1024,1024,0.234926769
sky100,19,G128,128,0.152386739
sky100,20,Hybrid,0,0.289098035
sky100,20,Row-wise,0,0.491180710
sky100,20,G1024,1024,0.426133654
sky100,20,G128,128,0.301065978
