case,op,process_id,repeat,input_hash,output_hash,rmse_vs_run0,mae,max_abs,cosine,first_mismatch,nax_enabled,zero_pad_mode,sync_mode
fox2026_step0_block0,qkv,91868,0,e6cabd41f05e5325,1900045fc35b9a50,0.000000000,0.000000000,0.000000000,1.000000000,-1,0,n/a,forced
fox2026_step0_block0,qkv,91868,1,e6cabd41f05e5325,1900045fc35b9a50,0.000000000,0.000000000,0.000000000,1.000000000,-1,0,n/a,forced
fox2026_step0_block0,qkv,91868,2,e6cabd41f05e5325,1900045fc35b9a50,0.000000000,0.000000000,0.000000000,1.000000000,-1,0,n/a,forced
fox2026_step0_block0,qkv,91868,3,e6cabd41f05e5325,1900045fc35b9a50,0.000000000,0.000000000,0.000000000,1.000000000,-1,0,n/a,forced
fox2026_step0_block0,qkv,91868,4,e6cabd41f05e5325,1900045fc35b9a50,0.000000000,0.000000000,0.000000000,1.000000000,-1,0,n/a,forced
fox2026_step0_block0,qkv,91868,5,e6cabd41f05e5325,1900045fc35b9a50,0.000000000,0.000000000,0.000000000,1.000000000,-1,0,n/a,forced
fox2026_step0_block0,qkv,91868,6,e6cabd41f05e5325,1900045fc35b9a50,0.000000000,0.000000000,0.000000000,1.000000000,-1,0,n/a,forced
fox2026_step0_block0,qkv,91868,7,e6cabd41f05e5325,1900045fc35b9a50,0.000000000,0.000000000,0.000000000,1.000000000,-1,0,n/a,forced
fox2026_step0_block0,qkv,91868,8,e6cabd41f05e5325,1900045fc35b9a50,0.000000000,0.000000000,0.000000000,1.000000000,-1,0,n/a,forced
fox2026_step0_block0,qkv,91868,9,e6cabd41f05e5325,1900045fc35b9a50,0.000000000,0.000000000,0.000000000,1.000000000,-1,0,n/a,forced
fox2026_step0_block0,qkv,91868,10,e6cabd41f05e5325,1900045fc35b9a50,0.000000000,0.000000000,0.000000000,1.000000000,-1,0,n/a,forced
fox2026_step0_block0,qkv,91868,11,e6cabd41f05e5325,1900045fc35b9a50,0.000000000,0.000000000,0.000000000,1.000000000,-1,0,n/a,forced
fox2026_step0_block0,qkv,91868,12,e6cabd41f05e5325,1900045fc35b9a50,0.000000000,0.000000000,0.000000000,1.000000000,-1,0,n/a,forced
fox2026_step0_block0,qkv,91868,13,e6cabd41f05e5325,1900045fc35b9a50,0.000000000,0.000000000,0.000000000,1.000000000,-1,0,n/a,forced
fox2026_step0_block0,qkv,91868,14,e6cabd41f05e5325,1900045fc35b9a50,0.000000000,0.000000000,0.000000000,1.000000000,-1,0,n/a,forced
fox2026_step0_block0,qkv,91868,15,e6cabd41f05e5325,1900045fc35b9a50,0.000000000,0.000000000,0.000000000,1.000000000,-1,0,n/a,forced
fox2026_step0_block0,qkv,91868,16,e6cabd41f05e5325,1900045fc35b9a50,0.000000000,0.000000000,0.000000000,1.000000000,-1,0,n/a,forced
fox2026_step0_block0,qkv,91868,17,e6cabd41f05e5325,1900045fc35b9a50,0.000000000,0.000000000,0.000000000,1.000000000,-1,0,n/a,forced
fox2026_step0_block0,qkv,91868,18,e6cabd41f05e5325,1900045fc35b9a50,0.000000000,0.000000000,0.000000000,1.000000000,-1,0,n/a,forced
fox2026_step0_block0,qkv,91868,19,e6cabd41f05e5325,1900045fc35b9a50,0.000000000,0.000000000,0.000000000,1.000000000,-1,0,n/a,forced
fox2026_step0_block0,qkv,91868,20,e6cabd41f05e5325,1900045fc35b9a50,0.000000000,0.000000000,0.000000000,1.000000000,-1,0,n/a,forced
fox2026_step0_block0,qkv,91868,21,e6cabd41f05e5325,1900045fc35b9a50,0.000000000,0.000000000,0.000000000,1.000000000,-1,0,n/a,forced
fox2026_step0_block0,qkv,91868,22,e6cabd41f05e5325,1900045fc35b9a50,0.000000000,0.000000000,0.000000000,1.000000000,-1,0,n/a,forced
fox2026_step0_block0,qkv,91868,23,e6cabd41f05e5325,1900045fc35b9a50,0.000000000,0.000000000,0.000000000,1.000000000,-1,0,n/a,forced
fox2026_step0_block0,qkv,91868,24,e6cabd41f05e5325,1900045fc35b9a50,0.000000000,0.000000000,0.000000000,1.000000000,-1,0,n/a,forced
fox2026_step0_block0,qkv,91868,25,e6cabd41f05e5325,1900045fc35b9a50,0.000000000,0.000000000,0.000000000,1.000000000,-1,0,n/a,forced
fox2026_step0_block0,qkv,91868,26,e6cabd41f05e5325,1900045fc35b9a50,0.000000000,0.000000000,0.000000000,1.000000000,-1,0,n/a,forced
fox2026_step0_block0,qkv,91868,27,e6cabd41f05e5325,1900045fc35b9a50,0.000000000,0.000000000,0.000000000,1.000000000,-1,0,n/a,forced
fox2026_step0_block0,qkv,91868,28,e6cabd41f05e5325,1900045fc35b9a50,0.000000000,0.000000000,0.000000000,1.000000000,-1,0,n/a,forced
fox2026_step0_block0,qkv,91868,29,e6cabd41f05e5325,1900045fc35b9a50,0.000000000,0.000000000,0.000000000,1.000000000,-1,0,n/a,forced
fox2026_step0_block0,qkv,91868,30,e6cabd41f05e5325,1900045fc35b9a50,0.000000000,0.000000000,0.000000000,1.000000000,-1,0,n/a,forced
fox2026_step0_block0,qkv,91868,31,e6cabd41f05e5325,1900045fc35b9a50,0.000000000,0.000000000,0.000000000,1.000000000,-1,0,n/a,forced
fox2026_step0_block0,qkv,91868,32,e6cabd41f05e5325,1900045fc35b9a50,0.000000000,0.000000000,0.000000000,1.000000000,-1,0,n/a,forced
fox2026_step0_block0,qkv,91868,33,e6cabd41f05e5325,1900045fc35b9a50,0.000000000,0.000000000,0.000000000,1.000000000,-1,0,n/a,forced
fox2026_step0_block0,qkv,91868,34,e6cabd41f05e5325,1900045fc35b9a50,0.000000000,0.000000000,0.000000000,1.000000000,-1,0,n/a,forced
fox2026_step0_block0,qkv,91868,35,e6cabd41f05e5325,1900045fc35b9a50,0.000000000,0.000000000,0.000000000,1.000000000,-1,0,n/a,forced
fox2026_step0_block0,qkv,91868,36,e6cabd41f05e5325,1900045fc35b9a50,0.000000000,0.000000000,0.000000000,1.000000000,-1,0,n/a,forced
fox2026_step0_block0,qkv,91868,37,e6cabd41f05e5325,1900045fc35b9a50,0.000000000,0.000000000,0.000000000,1.000000000,-1,0,n/a,forced
fox2026_step0_block0,qkv,91868,38,e6cabd41f05e5325,1900045fc35b9a50,0.000000000,0.000000000,0.000000000,1.000000000,-1,0,n/a,forced
fox2026_step0_block0,qkv,91868,39,e6cabd41f05e5325,1900045fc35b9a50,0.000000000,0.000000000,0.000000000,1.000000000,-1,0,n/a,forced
fox2026_step0_block0,qkv,91868,40,e6cabd41f05e5325,1900045fc35b9a50,0.000000000,0.000000000,0.000000000,1.000000000,-1,0,n/a,forced
fox2026_step0_block0,qkv,91868,41,e6cabd41f05e5325,1900045fc35b9a50,0.000000000,0.000000000,0.000000000,1.000000000,-1,0,n/a,forced
fox2026_step0_block0,qkv,91868,42,e6cabd41f05e5325,1900045fc35b9a50,0.000000000,0.000000000,0.000000000,1.000000000,-1,0,n/a,forced
fox2026_step0_block0,qkv,91868,43,e6cabd41f05e5325,1900045fc35b9a50,0.000000000,0.000000000,0.000000000,1.000000000,-1,0,n/a,forced
fox2026_step0_block0,qkv,91868,44,e6cabd41f05e5325,1900045fc35b9a50,0.000000000,0.000000000,0.000000000,1.000000000,-1,0,n/a,forced
fox2026_step0_block0,qkv,91868,45,e6cabd41f05e5325,1900045fc35b9a50,0.000000000,0.000000000,0.000000000,1.000000000,-1,0,n/a,forced
fox2026_step0_block0,qkv,91868,46,e6cabd41f05e5325,1900045fc35b9a50,0.000000000,0.000000000,0.000000000,1.000000000,-1,0,n/a,forced
fox2026_step0_block0,qkv,91868,47,e6cabd41f05e5325,1900045fc35b9a50,0.000000000,0.000000000,0.000000000,1.000000000,-1,0,n/a,forced
fox2026_step0_block0,qkv,91868,48,e6cabd41f05e5325,1900045fc35b9a50,0.000000000,0.000000000,0.000000000,1.000000000,-1,0,n/a,forced
fox2026_step0_block0,qkv,91868,49,e6cabd41f05e5325,1900045fc35b9a50,0.000000000,0.000000000,0.000000000,1.000000000,-1,0,n/a,forced
fox2026_step0_block0,qkv,91868,50,e6cabd41f05e5325,1900045fc35b9a50,0.000000000,0.000000000,0.000000000,1.000000000,-1,0,n/a,forced
fox2026_step0_block0,qkv,91868,51,e6cabd41f05e5325,1900045fc35b9a50,0.000000000,0.000000000,0.000000000,1.000000000,-1,0,n/a,forced
fox2026_step0_block0,qkv,91868,52,e6cabd41f05e5325,1900045fc35b9a50,0.000000000,0.000000000,0.000000000,1.000000000,-1,0,n/a,forced
fox2026_step0_block0,qkv,91868,53,e6cabd41f05e5325,1900045fc35b9a50,0.000000000,0.000000000,0.000000000,1.000000000,-1,0,n/a,forced
fox2026_step0_block0,qkv,91868,54,e6cabd41f05e5325,1900045fc35b9a50,0.000000000,0.000000000,0.000000000,1.000000000,-1,0,n/a,forced
fox2026_step0_block0,qkv,91868,55,e6cabd41f05e5325,1900045fc35b9a50,0.000000000,0.000000000,0.000000000,1.000000000,-1,0,n/a,forced
fox2026_step0_block0,qkv,91868,56,e6cabd41f05e5325,1900045fc35b9a50,0.000000000,0.000000000,0.000000000,1.000000000,-1,0,n/a,forced
fox2026_step0_block0,qkv,91868,57,e6cabd41f05e5325,1900045fc35b9a50,0.000000000,0.000000000,0.000000000,1.000000000,-1,0,n/a,forced
fox2026_step0_block0,qkv,91868,58,e6cabd41f05e5325,1900045fc35b9a50,0.000000000,0.000000000,0.000000000,1.000000000,-1,0,n/a,forced
fox2026_step0_block0,qkv,91868,59,e6cabd41f05e5325,1900045fc35b9a50,0.000000000,0.000000000,0.000000000,1.000000000,-1,0,n/a,forced
fox2026_step0_block0,qkv,91868,60,e6cabd41f05e5325,1900045fc35b9a50,0.000000000,0.000000000,0.000000000,1.000000000,-1,0,n/a,forced
fox2026_step0_block0,qkv,91868,61,e6cabd41f05e5325,1900045fc35b9a50,0.000000000,0.000000000,0.000000000,1.000000000,-1,0,n/a,forced
fox2026_step0_block0,qkv,91868,62,e6cabd41f05e5325,1900045fc35b9a50,0.000000000,0.000000000,0.000000000,1.000000000,-1,0,n/a,forced
fox2026_step0_block0,qkv,91868,63,e6cabd41f05e5325,1900045fc35b9a50,0.000000000,0.000000000,0.000000000,1.000000000,-1,0,n/a,forced
fox2026_step0_block0,qkv,91868,64,e6cabd41f05e5325,1900045fc35b9a50,0.000000000,0.000000000,0.000000000,1.000000000,-1,0,n/a,forced
fox2026_step0_block0,qkv,91868,65,e6cabd41f05e5325,1900045fc35b9a50,0.000000000,0.000000000,0.000000000,1.000000000,-1,0,n/a,forced
fox2026_step0_block0,qkv,91868,66,e6cabd41f05e5325,1900045fc35b9a50,0.000000000,0.000000000,0.000000000,1.000000000,-1,0,n/a,forced
fox2026_step0_block0,qkv,91868,67,e6cabd41f05e5325,1900045fc35b9a50,0.000000000,0.000000000,0.000000000,1.000000000,-1,0,n/a,forced
fox2026_step0_block0,qkv,91868,68,e6cabd41f05e5325,1900045fc35b9a50,0.000000000,0.000000000,0.000000000,1.000000000,-1,0,n/a,forced
fox2026_step0_block0,qkv,91868,69,e6cabd41f05e5325,1900045fc35b9a50,0.000000000,0.000000000,0.000000000,1.000000000,-1,0,n/a,forced
fox2026_step0_block0,qkv,91868,70,e6cabd41f05e5325,1900045fc35b9a50,0.000000000,0.000000000,0.000000000,1.000000000,-1,0,n/a,forced
fox2026_step0_block0,qkv,91868,71,e6cabd41f05e5325,1900045fc35b9a50,0.000000000,0.000000000,0.000000000,1.000000000,-1,0,n/a,forced
fox2026_step0_block0,qkv,91868,72,e6cabd41f05e5325,1900045fc35b9a50,0.000000000,0.000000000,0.000000000,1.000000000,-1,0,n/a,forced
fox2026_step0_block0,qkv,91868,73,e6cabd41f05e5325,1900045fc35b9a50,0.000000000,0.000000000,0.000000000,1.000000000,-1,0,n/a,forced
fox2026_step0_block0,qkv,91868,74,e6cabd41f05e5325,1900045fc35b9a50,0.000000000,0.000000000,0.000000000,1.000000000,-1,0,n/a,forced
fox2026_step0_block0,qkv,91868,75,e6cabd41f05e5325,1900045fc35b9a50,0.000000000,0.000000000,0.000000000,1.000000000,-1,0,n/a,forced
fox2026_step0_block0,qkv,91868,76,e6cabd41f05e5325,1900045fc35b9a50,0.000000000,0.000000000,0.000000000,1.000000000,-1,0,n/a,forced
fox2026_step0_block0,qkv,91868,77,e6cabd41f05e5325,1900045fc35b9a50,0.000000000,0.000000000,0.000000000,1.000000000,-1,0,n/a,forced
fox2026_step0_block0,qkv,91868,78,e6cabd41f05e5325,1900045fc35b9a50,0.000000000,0.000000000,0.000000000,1.000000000,-1,0,n/a,forced
fox2026_step0_block0,qkv,91868,79,e6cabd41f05e5325,1900045fc35b9a50,0.000000000,0.000000000,0.000000000,1.000000000,-1,0,n/a,forced
fox2026_step0_block0,qkv,91868,80,e6cabd41f05e5325,1900045fc35b9a50,0.000000000,0.000000000,0.000000000,1.000000000,-1,0,n/a,forced
fox2026_step0_block0,qkv,91868,81,e6cabd41f05e5325,1900045fc35b9a50,0.000000000,0.000000000,0.000000000,1.000000000,-1,0,n/a,forced
fox2026_step0_block0,qkv,91868,82,e6cabd41f05e5325,1900045fc35b9a50,0.000000000,0.000000000,0.000000000,1.000000000,-1,0,n/a,forced
fox2026_step0_block0,qkv,91868,83,e6cabd41f05e5325,1900045fc35b9a50,0.000000000,0.000000000,0.000000000,1.000000000,-1,0,n/a,forced
fox2026_step0_block0,qkv,91868,84,e6cabd41f05e5325,1900045fc35b9a50,0.000000000,0.000000000,0.000000000,1.000000000,-1,0,n/a,forced
fox2026_step0_block0,qkv,91868,85,e6cabd41f05e5325,1900045fc35b9a50,0.000000000,0.000000000,0.000000000,1.000000000,-1,0,n/a,forced
fox2026_step0_block0,qkv,91868,86,e6cabd41f05e5325,1900045fc35b9a50,0.000000000,0.000000000,0.000000000,1.000000000,-1,0,n/a,forced
fox2026_step0_block0,qkv,91868,87,e6cabd41f05e5325,1900045fc35b9a50,0.000000000,0.000000000,0.000000000,1.000000000,-1,0,n/a,forced
fox2026_step0_block0,qkv,91868,88,e6cabd41f05e5325,1900045fc35b9a50,0.000000000,0.000000000,0.000000000,1.000000000,-1,0,n/a,forced
fox2026_step0_block0,qkv,91868,89,e6cabd41f05e5325,1900045fc35b9a50,0.000000000,0.000000000,0.000000000,1.000000000,-1,0,n/a,forced
fox2026_step0_block0,qkv,91868,90,e6cabd41f05e5325,1900045fc35b9a50,0.000000000,0.000000000,0.000000000,1.000000000,-1,0,n/a,forced
fox2026_step0_block0,qkv,91868,91,e6cabd41f05e5325,1900045fc35b9a50,0.000000000,0.000000000,0.000000000,1.000000000,-1,0,n/a,forced
fox2026_step0_block0,qkv,91868,92,e6cabd41f05e5325,1900045fc35b9a50,0.000000000,0.000000000,0.000000000,1.000000000,-1,0,n/a,forced
fox2026_step0_block0,qkv,91868,93,e6cabd41f05e5325,1900045fc35b9a50,0.000000000,0.000000000,0.000000000,1.000000000,-1,0,n/a,forced
fox2026_step0_block0,qkv,91868,94,e6cabd41f05e5325,1900045fc35b9a50,0.000000000,0.000000000,0.000000000,1.000000000,-1,0,n/a,forced
fox2026_step0_block0,qkv,91868,95,e6cabd41f05e5325,1900045fc35b9a50,0.000000000,0.000000000,0.000000000,1.000000000,-1,0,n/a,forced
fox2026_step0_block0,qkv,91868,96,e6cabd41f05e5325,1900045fc35b9a50,0.000000000,0.000000000,0.000000000,1.000000000,-1,0,n/a,forced
fox2026_step0_block0,qkv,91868,97,e6cabd41f05e5325,1900045fc35b9a50,0.000000000,0.000000000,0.000000000,1.000000000,-1,0,n/a,forced
fox2026_step0_block0,qkv,91868,98,e6cabd41f05e5325,1900045fc35b9a50,0.000000000,0.000000000,0.000000000,1.000000000,-1,0,n/a,forced
fox2026_step0_block0,qkv,91868,99,e6cabd41f05e5325,1900045fc35b9a50,0.000000000,0.000000000,0.000000000,1.000000000,-1,0,n/a,forced
fox2026_step0_block0,sdpa,91911,0,b4415c236e726325,fcf311f2ac496a57,0.000000000,0.000000000,0.000000000,1.000000000,-1,0,n/a,forced
fox2026_step0_block0,sdpa,91911,1,b4415c236e726325,fcf311f2ac496a57,0.000000000,0.000000000,0.000000000,1.000000000,-1,0,n/a,forced
fox2026_step0_block0,sdpa,91911,2,b4415c236e726325,fcf311f2ac496a57,0.000000000,0.000000000,0.000000000,1.000000000,-1,0,n/a,forced
fox2026_step0_block0,sdpa,91911,3,b4415c236e726325,fcf311f2ac496a57,0.000000000,0.000000000,0.000000000,1.000000000,-1,0,n/a,forced
fox2026_step0_block0,sdpa,91911,4,b4415c236e726325,fcf311f2ac496a57,0.000000000,0.000000000,0.000000000,1.000000000,-1,0,n/a,forced
fox2026_step0_block0,sdpa,91911,5,b4415c236e726325,fcf311f2ac496a57,0.000000000,0.000000000,0.000000000,1.000000000,-1,0,n/a,forced
fox2026_step0_block0,sdpa,91911,6,b4415c236e726325,fcf311f2ac496a57,0.000000000,0.000000000,0.000000000,1.000000000,-1,0,n/a,forced
fox2026_step0_block0,sdpa,91911,7,b4415c236e726325,fcf311f2ac496a57,0.000000000,0.000000000,0.000000000,1.000000000,-1,0,n/a,forced
fox2026_step0_block0,sdpa,91911,8,b4415c236e726325,fcf311f2ac496a57,0.000000000,0.000000000,0.000000000,1.000000000,-1,0,n/a,forced
fox2026_step0_block0,sdpa,91911,9,b4415c236e726325,fcf311f2ac496a57,0.000000000,0.000000000,0.000000000,1.000000000,-1,0,n/a,forced
fox2026_step0_block0,sdpa,91911,10,b4415c236e726325,fcf311f2ac496a57,0.000000000,0.000000000,0.000000000,1.000000000,-1,0,n/a,forced
fox2026_step0_block0,sdpa,91911,11,b4415c236e726325,fcf311f2ac496a57,0.000000000,0.000000000,0.000000000,1.000000000,-1,0,n/a,forced
fox2026_step0_block0,sdpa,91911,12,b4415c236e726325,fcf311f2ac496a57,0.000000000,0.000000000,0.000000000,1.000000000,-1,0,n/a,forced
fox2026_step0_block0,sdpa,91911,13,b4415c236e726325,fcf311f2ac496a57,0.000000000,0.000000000,0.000000000,1.000000000,-1,0,n/a,forced
fox2026_step0_block0,sdpa,91911,14,b4415c236e726325,fcf311f2ac496a57,0.000000000,0.000000000,0.000000000,1.000000000,-1,0,n/a,forced
fox2026_step0_block0,sdpa,91911,15,b4415c236e726325,fcf311f2ac496a57,0.000000000,0.000000000,0.000000000,1.000000000,-1,0,n/a,forced
fox2026_step0_block0,sdpa,91911,16,b4415c236e726325,fcf311f2ac496a57,0.000000000,0.000000000,0.000000000,1.000000000,-1,0,n/a,forced
fox2026_step0_block0,sdpa,91911,17,b4415c236e726325,fcf311f2ac496a57,0.000000000,0.000000000,0.000000000,1.000000000,-1,0,n/a,forced
fox2026_step0_block0,sdpa,91911,18,b4415c236e726325,fcf311f2ac496a57,0.000000000,0.000000000,0.000000000,1.000000000,-1,0,n/a,forced
fox2026_step0_block0,sdpa,91911,19,b4415c236e726325,fcf311f2ac496a57,0.000000000,0.000000000,0.000000000,1.000000000,-1,0,n/a,forced
fox2026_step0_block0,sdpa,91911,20,b4415c236e726325,fcf311f2ac496a57,0.000000000,0.000000000,0.000000000,1.000000000,-1,0,n/a,forced
fox2026_step0_block0,sdpa,91911,21,b4415c236e726325,fcf311f2ac496a57,0.000000000,0.000000000,0.000000000,1.000000000,-1,0,n/a,forced
fox2026_step0_block0,sdpa,91911,22,b4415c236e726325,fcf311f2ac496a57,0.000000000,0.000000000,0.000000000,1.000000000,-1,0,n/a,forced
fox2026_step0_block0,sdpa,91911,23,b4415c236e726325,fcf311f2ac496a57,0.000000000,0.000000000,0.000000000,1.000000000,-1,0,n/a,forced
fox2026_step0_block0,sdpa,91911,24,b4415c236e726325,fcf311f2ac496a57,0.000000000,0.000000000,0.000000000,1.000000000,-1,0,n/a,forced
fox2026_step0_block0,sdpa,91911,25,b4415c236e726325,fcf311f2ac496a57,0.000000000,0.000000000,0.000000000,1.000000000,-1,0,n/a,forced
fox2026_step0_block0,sdpa,91911,26,b4415c236e726325,fcf311f2ac496a57,0.000000000,0.000000000,0.000000000,1.000000000,-1,0,n/a,forced
fox2026_step0_block0,sdpa,91911,27,b4415c236e726325,fcf311f2ac496a57,0.000000000,0.000000000,0.000000000,1.000000000,-1,0,n/a,forced
fox2026_step0_block0,sdpa,91911,28,b4415c236e726325,fcf311f2ac496a57,0.000000000,0.000000000,0.000000000,1.000000000,-1,0,n/a,forced
fox2026_step0_block0,sdpa,91911,29,b4415c236e726325,fcf311f2ac496a57,0.000000000,0.000000000,0.000000000,1.000000000,-1,0,n/a,forced
fox2026_step0_block0,sdpa,91911,30,b4415c236e726325,fcf311f2ac496a57,0.000000000,0.000000000,0.000000000,1.000000000,-1,0,n/a,forced
fox2026_step0_block0,sdpa,91911,31,b4415c236e726325,fcf311f2ac496a57,0.000000000,0.000000000,0.000000000,1.000000000,-1,0,n/a,forced
fox2026_step0_block0,sdpa,91911,32,b4415c236e726325,fcf311f2ac496a57,0.000000000,0.000000000,0.000000000,1.000000000,-1,0,n/a,forced
fox2026_step0_block0,sdpa,91911,33,b4415c236e726325,fcf311f2ac496a57,0.000000000,0.000000000,0.000000000,1.000000000,-1,0,n/a,forced
fox2026_step0_block0,sdpa,91911,34,b4415c236e726325,fcf311f2ac496a57,0.000000000,0.000000000,0.000000000,1.000000000,-1,0,n/a,forced
fox2026_step0_block0,sdpa,91911,35,b4415c236e726325,fcf311f2ac496a57,0.000000000,0.000000000,0.000000000,1.000000000,-1,0,n/a,forced
fox2026_step0_block0,sdpa,91911,36,b4415c236e726325,fcf311f2ac496a57,0.000000000,0.000000000,0.000000000,1.000000000,-1,0,n/a,forced
fox2026_step0_block0,sdpa,91911,37,b4415c236e726325,fcf311f2ac496a57,0.000000000,0.000000000,0.000000000,1.000000000,-1,0,n/a,forced
fox2026_step0_block0,sdpa,91911,38,b4415c236e726325,fcf311f2ac496a57,0.000000000,0.000000000,0.000000000,1.000000000,-1,0,n/a,forced
fox2026_step0_block0,sdpa,91911,39,b4415c236e726325,fcf311f2ac496a57,0.000000000,0.000000000,0.000000000,1.000000000,-1,0,n/a,forced
fox2026_step0_block0,sdpa,91911,40,b4415c236e726325,fcf311f2ac496a57,0.000000000,0.000000000,0.000000000,1.000000000,-1,0,n/a,forced
fox2026_step0_block0,sdpa,91911,41,b4415c236e726325,fcf311f2ac496a57,0.000000000,0.000000000,0.000000000,1.000000000,-1,0,n/a,forced
fox2026_step0_block0,sdpa,91911,42,b4415c236e726325,fcf311f2ac496a57,0.000000000,0.000000000,0.000000000,1.000000000,-1,0,n/a,forced
fox2026_step0_block0,sdpa,91911,43,b4415c236e726325,fcf311f2ac496a57,0.000000000,0.000000000,0.000000000,1.000000000,-1,0,n/a,forced
fox2026_step0_block0,sdpa,91911,44,b4415c236e726325,fcf311f2ac496a57,0.000000000,0.000000000,0.000000000,1.000000000,-1,0,n/a,forced
fox2026_step0_block0,sdpa,91911,45,b4415c236e726325,fcf311f2ac496a57,0.000000000,0.000000000,0.000000000,1.000000000,-1,0,n/a,forced
fox2026_step0_block0,sdpa,91911,46,b4415c236e726325,fcf311f2ac496a57,0.000000000,0.000000000,0.000000000,1.000000000,-1,0,n/a,forced
fox2026_step0_block0,sdpa,91911,47,b4415c236e726325,fcf311f2ac496a57,0.000000000,0.000000000,0.000000000,1.000000000,-1,0,n/a,forced
fox2026_step0_block0,sdpa,91911,48,b4415c236e726325,fcf311f2ac496a57,0.000000000,0.000000000,0.000000000,1.000000000,-1,0,n/a,forced
fox2026_step0_block0,sdpa,91911,49,b4415c236e726325,fcf311f2ac496a57,0.000000000,0.000000000,0.000000000,1.000000000,-1,0,n/a,forced
fox2026_step0_block0,sdpa,91911,50,b4415c236e726325,fcf311f2ac496a57,0.000000000,0.000000000,0.000000000,1.000000000,-1,0,n/a,forced
fox2026_step0_block0,sdpa,91911,51,b4415c236e726325,fcf311f2ac496a57,0.000000000,0.000000000,0.000000000,1.000000000,-1,0,n/a,forced
fox2026_step0_block0,sdpa,91911,52,b4415c236e726325,fcf311f2ac496a57,0.000000000,0.000000000,0.000000000,1.000000000,-1,0,n/a,forced
fox2026_step0_block0,sdpa,91911,53,b4415c236e726325,fcf311f2ac496a57,0.000000000,0.000000000,0.000000000,1.000000000,-1,0,n/a,forced
fox2026_step0_block0,sdpa,91911,54,b4415c236e726325,fcf311f2ac496a57,0.000000000,0.000000000,0.000000000,1.000000000,-1,0,n/a,forced
fox2026_step0_block0,sdpa,91911,55,b4415c236e726325,fcf311f2ac496a57,0.000000000,0.000000000,0.000000000,1.000000000,-1,0,n/a,forced
fox2026_step0_block0,sdpa,91911,56,b4415c236e726325,fcf311f2ac496a57,0.000000000,0.000000000,0.000000000,1.000000000,-1,0,n/a,forced
fox2026_step0_block0,sdpa,91911,57,b4415c236e726325,fcf311f2ac496a57,0.000000000,0.000000000,0.000000000,1.000000000,-1,0,n/a,forced
fox2026_step0_block0,sdpa,91911,58,b4415c236e726325,fcf311f2ac496a57,0.000000000,0.000000000,0.000000000,1.000000000,-1,0,n/a,forced
fox2026_step0_block0,sdpa,91911,59,b4415c236e726325,fcf311f2ac496a57,0.000000000,0.000000000,0.000000000,1.000000000,-1,0,n/a,forced
fox2026_step0_block0,sdpa,91911,60,b4415c236e726325,fcf311f2ac496a57,0.000000000,0.000000000,0.000000000,1.000000000,-1,0,n/a,forced
fox2026_step0_block0,sdpa,91911,61,b4415c236e726325,fcf311f2ac496a57,0.000000000,0.000000000,0.000000000,1.000000000,-1,0,n/a,forced
fox2026_step0_block0,sdpa,91911,62,b4415c236e726325,fcf311f2ac496a57,0.000000000,0.000000000,0.000000000,1.000000000,-1,0,n/a,forced
fox2026_step0_block0,sdpa,91911,63,b4415c236e726325,fcf311f2ac496a57,0.000000000,0.000000000,0.000000000,1.000000000,-1,0,n/a,forced
fox2026_step0_block0,sdpa,91911,64,b4415c236e726325,fcf311f2ac496a57,0.000000000,0.000000000,0.000000000,1.000000000,-1,0,n/a,forced
fox2026_step0_block0,sdpa,91911,65,b4415c236e726325,fcf311f2ac496a57,0.000000000,0.000000000,0.000000000,1.000000000,-1,0,n/a,forced
fox2026_step0_block0,sdpa,91911,66,b4415c236e726325,fcf311f2ac496a57,0.000000000,0.000000000,0.000000000,1.000000000,-1,0,n/a,forced
fox2026_step0_block0,sdpa,91911,67,b4415c236e726325,fcf311f2ac496a57,0.000000000,0.000000000,0.000000000,1.000000000,-1,0,n/a,forced
fox2026_step0_block0,sdpa,91911,68,b4415c236e726325,fcf311f2ac496a57,0.000000000,0.000000000,0.000000000,1.000000000,-1,0,n/a,forced
fox2026_step0_block0,sdpa,91911,69,b4415c236e726325,fcf311f2ac496a57,0.000000000,0.000000000,0.000000000,1.000000000,-1,0,n/a,forced
fox2026_step0_block0,sdpa,91911,70,b4415c236e726325,fcf311f2ac496a57,0.000000000,0.000000000,0.000000000,1.000000000,-1,0,n/a,forced
fox2026_step0_block0,sdpa,91911,71,b4415c236e726325,fcf311f2ac496a57,0.000000000,0.000000000,0.000000000,1.000000000,-1,0,n/a,forced
fox2026_step0_block0,sdpa,91911,72,b4415c236e726325,fcf311f2ac496a57,0.000000000,0.000000000,0.000000000,1.000000000,-1,0,n/a,forced
fox2026_step0_block0,sdpa,91911,73,b4415c236e726325,fcf311f2ac496a57,0.000000000,0.000000000,0.000000000,1.000000000,-1,0,n/a,forced
fox2026_step0_block0,sdpa,91911,74,b4415c236e726325,fcf311f2ac496a57,0.000000000,0.000000000,0.000000000,1.000000000,-1,0,n/a,forced
fox2026_step0_block0,sdpa,91911,75,b4415c236e726325,fcf311f2ac496a57,0.000000000,0.000000000,0.000000000,1.000000000,-1,0,n/a,forced
fox2026_step0_block0,sdpa,91911,76,b4415c236e726325,fcf311f2ac496a57,0.000000000,0.000000000,0.000000000,1.000000000,-1,0,n/a,forced
fox2026_step0_block0,sdpa,91911,77,b4415c236e726325,fcf311f2ac496a57,0.000000000,0.000000000,0.000000000,1.000000000,-1,0,n/a,forced
fox2026_step0_block0,sdpa,91911,78,b4415c236e726325,fcf311f2ac496a57,0.000000000,0.000000000,0.000000000,1.000000000,-1,0,n/a,forced
fox2026_step0_block0,sdpa,91911,79,b4415c236e726325,fcf311f2ac496a57,0.000000000,0.000000000,0.000000000,1.000000000,-1,0,n/a,forced
fox2026_step0_block0,sdpa,91911,80,b4415c236e726325,fcf311f2ac496a57,0.000000000,0.000000000,0.000000000,1.000000000,-1,0,n/a,forced
fox2026_step0_block0,sdpa,91911,81,b4415c236e726325,fcf311f2ac496a57,0.000000000,0.000000000,0.000000000,1.000000000,-1,0,n/a,forced
fox2026_step0_block0,sdpa,91911,82,b4415c236e726325,fcf311f2ac496a57,0.000000000,0.000000000,0.000000000,1.000000000,-1,0,n/a,forced
fox2026_step0_block0,sdpa,91911,83,b4415c236e726325,fcf311f2ac496a57,0.000000000,0.000000000,0.000000000,1.000000000,-1,0,n/a,forced
fox2026_step0_block0,sdpa,91911,84,b4415c236e726325,fcf311f2ac496a57,0.000000000,0.000000000,0.000000000,1.000000000,-1,0,n/a,forced
fox2026_step0_block0,sdpa,91911,85,b4415c236e726325,fcf311f2ac496a57,0.000000000,0.000000000,0.000000000,1.000000000,-1,0,n/a,forced
fox2026_step0_block0,sdpa,91911,86,b4415c236e726325,fcf311f2ac496a57,0.000000000,0.000000000,0.000000000,1.000000000,-1,0,n/a,forced
fox2026_step0_block0,sdpa,91911,87,b4415c236e726325,fcf311f2ac496a57,0.000000000,0.000000000,0.000000000,1.000000000,-1,0,n/a,forced
fox2026_step0_block0,sdpa,91911,88,b4415c236e726325,fcf311f2ac496a57,0.000000000,0.000000000,0.000000000,1.000000000,-1,0,n/a,forced
fox2026_step0_block0,sdpa,91911,89,b4415c236e726325,fcf311f2ac496a57,0.000000000,0.000000000,0.000000000,1.000000000,-1,0,n/a,forced
fox2026_step0_block0,sdpa,91911,90,b4415c236e726325,fcf311f2ac496a57,0.000000000,0.000000000,0.000000000,1.000000000,-1,0,n/a,forced
fox2026_step0_block0,sdpa,91911,91,b4415c236e726325,fcf311f2ac496a57,0.000000000,0.000000000,0.000000000,1.000000000,-1,0,n/a,forced
fox2026_step0_block0,sdpa,91911,92,b4415c236e726325,fcf311f2ac496a57,0.000000000,0.000000000,0.000000000,1.000000000,-1,0,n/a,forced
fox2026_step0_block0,sdpa,91911,93,b4415c236e726325,fcf311f2ac496a57,0.000000000,0.000000000,0.000000000,1.000000000,-1,0,n/a,forced
fox2026_step0_block0,sdpa,91911,94,b4415c236e726325,fcf311f2ac496a57,0.000000000,0.000000000,0.000000000,1.000000000,-1,0,n/a,forced
fox2026_step0_block0,sdpa,91911,95,b4415c236e726325,fcf311f2ac496a57,0.000000000,0.000000000,0.000000000,1.000000000,-1,0,n/a,forced
fox2026_step0_block0,sdpa,91911,96,b4415c236e726325,fcf311f2ac496a57,0.000000000,0.000000000,0.000000000,1.000000000,-1,0,n/a,forced
fox2026_step0_block0,sdpa,91911,97,b4415c236e726325,fcf311f2ac496a57,0.000000000,0.000000000,0.000000000,1.000000000,-1,0,n/a,forced
fox2026_step0_block0,sdpa,91911,98,b4415c236e726325,fcf311f2ac496a57,0.000000000,0.000000000,0.000000000,1.000000000,-1,0,n/a,forced
fox2026_step0_block0,sdpa,91911,99,b4415c236e726325,fcf311f2ac496a57,0.000000000,0.000000000,0.000000000,1.000000000,-1,0,n/a,forced
fox2026_step0_block0,attn_out,91960,0,b4415c236e726325,1d48effe79d77ce3,0.000000000,0.000000000,0.000000000,1.000000000,-1,0,n/a,forced
fox2026_step0_block0,attn_out,91960,1,b4415c236e726325,1d48effe79d77ce3,0.000000000,0.000000000,0.000000000,1.000000000,-1,0,n/a,forced
fox2026_step0_block0,attn_out,91960,2,b4415c236e726325,1d48effe79d77ce3,0.000000000,0.000000000,0.000000000,1.000000000,-1,0,n/a,forced
fox2026_step0_block0,attn_out,91960,3,b4415c236e726325,1d48effe79d77ce3,0.000000000,0.000000000,0.000000000,1.000000000,-1,0,n/a,forced
fox2026_step0_block0,attn_out,91960,4,b4415c236e726325,1d48effe79d77ce3,0.000000000,0.000000000,0.000000000,1.000000000,-1,0,n/a,forced
fox2026_step0_block0,attn_out,91960,5,b4415c236e726325,1d48effe79d77ce3,0.000000000,0.000000000,0.000000000,1.000000000,-1,0,n/a,forced
fox2026_step0_block0,attn_out,91960,6,b4415c236e726325,1d48effe79d77ce3,0.000000000,0.000000000,0.000000000,1.000000000,-1,0,n/a,forced
fox2026_step0_block0,attn_out,91960,7,b4415c236e726325,1d48effe79d77ce3,0.000000000,0.000000000,0.000000000,1.000000000,-1,0,n/a,forced
fox2026_step0_block0,attn_out,91960,8,b4415c236e726325,1d48effe79d77ce3,0.000000000,0.000000000,0.000000000,1.000000000,-1,0,n/a,forced
fox2026_step0_block0,attn_out,91960,9,b4415c236e726325,1d48effe79d77ce3,0.000000000,0.000000000,0.000000000,1.000000000,-1,0,n/a,forced
fox2026_step0_block0,attn_out,91960,10,b4415c236e726325,1d48effe79d77ce3,0.000000000,0.000000000,0.000000000,1.000000000,-1,0,n/a,forced
fox2026_step0_block0,attn_out,91960,11,b4415c236e726325,1d48effe79d77ce3,0.000000000,0.000000000,0.000000000,1.000000000,-1,0,n/a,forced
fox2026_step0_block0,attn_out,91960,12,b4415c236e726325,1d48effe79d77ce3,0.000000000,0.000000000,0.000000000,1.000000000,-1,0,n/a,forced
fox2026_step0_block0,attn_out,91960,13,b4415c236e726325,1d48effe79d77ce3,0.000000000,0.000000000,0.000000000,1.000000000,-1,0,n/a,forced
fox2026_step0_block0,attn_out,91960,14,b4415c236e726325,1d48effe79d77ce3,0.000000000,0.000000000,0.000000000,1.000000000,-1,0,n/a,forced
fox2026_step0_block0,attn_out,91960,15,b4415c236e726325,1d48effe79d77ce3,0.000000000,0.000000000,0.000000000,1.000000000,-1,0,n/a,forced
fox2026_step0_block0,attn_out,91960,16,b4415c236e726325,1d48effe79d77ce3,0.000000000,0.000000000,0.000000000,1.000000000,-1,0,n/a,forced
fox2026_step0_block0,attn_out,91960,17,b4415c236e726325,1d48effe79d77ce3,0.000000000,0.000000000,0.000000000,1.000000000,-1,0,n/a,forced
fox2026_step0_block0,attn_out,91960,18,b4415c236e726325,1d48effe79d77ce3,0.000000000,0.000000000,0.000000000,1.000000000,-1,0,n/a,forced
fox2026_step0_block0,attn_out,91960,19,b4415c236e726325,1d48effe79d77ce3,0.000000000,0.000000000,0.000000000,1.000000000,-1,0,n/a,forced
fox2026_step0_block0,attn_out,91960,20,b4415c236e726325,1d48effe79d77ce3,0.000000000,0.000000000,0.000000000,1.000000000,-1,0,n/a,forced
fox2026_step0_block0,attn_out,91960,21,b4415c236e726325,1d48effe79d77ce3,0.000000000,0.000000000,0.000000000,1.000000000,-1,0,n/a,forced
fox2026_step0_block0,attn_out,91960,22,b4415c236e726325,1d48effe79d77ce3,0.000000000,0.000000000,0.000000000,1.000000000,-1,0,n/a,forced
fox2026_step0_block0,attn_out,91960,23,b4415c236e726325,1d48effe79d77ce3,0.000000000,0.000000000,0.000000000,1.000000000,-1,0,n/a,forced
fox2026_step0_block0,attn_out,91960,24,b4415c236e726325,1d48effe79d77ce3,0.000000000,0.000000000,0.000000000,1.000000000,-1,0,n/a,forced
fox2026_step0_block0,attn_out,91960,25,b4415c236e726325,1d48effe79d77ce3,0.000000000,0.000000000,0.000000000,1.000000000,-1,0,n/a,forced
fox2026_step0_block0,attn_out,91960,26,b4415c236e726325,1d48effe79d77ce3,0.000000000,0.000000000,0.000000000,1.000000000,-1,0,n/a,forced
fox2026_step0_block0,attn_out,91960,27,b4415c236e726325,1d48effe79d77ce3,0.000000000,0.000000000,0.000000000,1.000000000,-1,0,n/a,forced
fox2026_step0_block0,attn_out,91960,28,b4415c236e726325,1d48effe79d77ce3,0.000000000,0.000000000,0.000000000,1.000000000,-1,0,n/a,forced
fox2026_step0_block0,attn_out,91960,29,b4415c236e726325,1d48effe79d77ce3,0.000000000,0.000000000,0.000000000,1.000000000,-1,0,n/a,forced
fox2026_step0_block0,attn_out,91960,30,b4415c236e726325,1d48effe79d77ce3,0.000000000,0.000000000,0.000000000,1.000000000,-1,0,n/a,forced
fox2026_step0_block0,attn_out,91960,31,b4415c236e726325,1d48effe79d77ce3,0.000000000,0.000000000,0.000000000,1.000000000,-1,0,n/a,forced
fox2026_step0_block0,attn_out,91960,32,b4415c236e726325,1d48effe79d77ce3,0.000000000,0.000000000,0.000000000,1.000000000,-1,0,n/a,forced
fox2026_step0_block0,attn_out,91960,33,b4415c236e726325,1d48effe79d77ce3,0.000000000,0.000000000,0.000000000,1.000000000,-1,0,n/a,forced
fox2026_step0_block0,attn_out,91960,34,b4415c236e726325,1d48effe79d77ce3,0.000000000,0.000000000,0.000000000,1.000000000,-1,0,n/a,forced
fox2026_step0_block0,attn_out,91960,35,b4415c236e726325,1d48effe79d77ce3,0.000000000,0.000000000,0.000000000,1.000000000,-1,0,n/a,forced
fox2026_step0_block0,attn_out,91960,36,b4415c236e726325,1d48effe79d77ce3,0.000000000,0.000000000,0.000000000,1.000000000,-1,0,n/a,forced
fox2026_step0_block0,attn_out,91960,37,b4415c236e726325,1d48effe79d77ce3,0.000000000,0.000000000,0.000000000,1.000000000,-1,0,n/a,forced
fox2026_step0_block0,attn_out,91960,38,b4415c236e726325,1d48effe79d77ce3,0.000000000,0.000000000,0.000000000,1.000000000,-1,0,n/a,forced
fox2026_step0_block0,attn_out,91960,39,b4415c236e726325,1d48effe79d77ce3,0.000000000,0.000000000,0.000000000,1.000000000,-1,0,n/a,forced
fox2026_step0_block0,attn_out,91960,40,b4415c236e726325,1d48effe79d77ce3,0.000000000,0.000000000,0.000000000,1.000000000,-1,0,n/a,forced
fox2026_step0_block0,attn_out,91960,41,b4415c236e726325,1d48effe79d77ce3,0.000000000,0.000000000,0.000000000,1.000000000,-1,0,n/a,forced
fox2026_step0_block0,attn_out,91960,42,b4415c236e726325,1d48effe79d77ce3,0.000000000,0.000000000,0.000000000,1.000000000,-1,0,n/a,forced
fox2026_step0_block0,attn_out,91960,43,b4415c236e726325,1d48effe79d77ce3,0.000000000,0.000000000,0.000000000,1.000000000,-1,0,n/a,forced
fox2026_step0_block0,attn_out,91960,44,b4415c236e726325,1d48effe79d77ce3,0.000000000,0.000000000,0.000000000,1.000000000,-1,0,n/a,forced
fox2026_step0_block0,attn_out,91960,45,b4415c236e726325,1d48effe79d77ce3,0.000000000,0.000000000,0.000000000,1.000000000,-1,0,n/a,forced
fox2026_step0_block0,attn_out,91960,46,b4415c236e726325,1d48effe79d77ce3,0.000000000,0.000000000,0.000000000,1.000000000,-1,0,n/a,forced
fox2026_step0_block0,attn_out,91960,47,b4415c236e726325,1d48effe79d77ce3,0.000000000,0.000000000,0.000000000,1.000000000,-1,0,n/a,forced
fox2026_step0_block0,attn_out,91960,48,b4415c236e726325,1d48effe79d77ce3,0.000000000,0.000000000,0.000000000,1.000000000,-1,0,n/a,forced
fox2026_step0_block0,attn_out,91960,49,b4415c236e726325,1d48effe79d77ce3,0.000000000,0.000000000,0.000000000,1.000000000,-1,0,n/a,forced
fox2026_step0_block0,attn_out,91960,50,b4415c236e726325,1d48effe79d77ce3,0.000000000,0.000000000,0.000000000,1.000000000,-1,0,n/a,forced
fox2026_step0_block0,attn_out,91960,51,b4415c236e726325,1d48effe79d77ce3,0.000000000,0.000000000,0.000000000,1.000000000,-1,0,n/a,forced
fox2026_step0_block0,attn_out,91960,52,b4415c236e726325,1d48effe79d77ce3,0.000000000,0.000000000,0.000000000,1.000000000,-1,0,n/a,forced
fox2026_step0_block0,attn_out,91960,53,b4415c236e726325,1d48effe79d77ce3,0.000000000,0.000000000,0.000000000,1.000000000,-1,0,n/a,forced
fox2026_step0_block0,attn_out,91960,54,b4415c236e726325,1d48effe79d77ce3,0.000000000,0.000000000,0.000000000,1.000000000,-1,0,n/a,forced
fox2026_step0_block0,attn_out,91960,55,b4415c236e726325,1d48effe79d77ce3,0.000000000,0.000000000,0.000000000,1.000000000,-1,0,n/a,forced
fox2026_step0_block0,attn_out,91960,56,b4415c236e726325,1d48effe79d77ce3,0.000000000,0.000000000,0.000000000,1.000000000,-1,0,n/a,forced
fox2026_step0_block0,attn_out,91960,57,b4415c236e726325,1d48effe79d77ce3,0.000000000,0.000000000,0.000000000,1.000000000,-1,0,n/a,forced
fox2026_step0_block0,attn_out,91960,58,b4415c236e726325,1d48effe79d77ce3,0.000000000,0.000000000,0.000000000,1.000000000,-1,0,n/a,forced
fox2026_step0_block0,attn_out,91960,59,b4415c236e726325,1d48effe79d77ce3,0.000000000,0.000000000,0.000000000,1.000000000,-1,0,n/a,forced
fox2026_step0_block0,attn_out,91960,60,b4415c236e726325,1d48effe79d77ce3,0.000000000,0.000000000,0.000000000,1.000000000,-1,0,n/a,forced
fox2026_step0_block0,attn_out,91960,61,b4415c236e726325,1d48effe79d77ce3,0.000000000,0.000000000,0.000000000,1.000000000,-1,0,n/a,forced
fox2026_step0_block0,attn_out,91960,62,b4415c236e726325,1d48effe79d77ce3,0.000000000,0.000000000,0.000000000,1.000000000,-1,0,n/a,forced
fox2026_step0_block0,attn_out,91960,63,b4415c236e726325,1d48effe79d77ce3,0.000000000,0.000000000,0.000000000,1.000000000,-1,0,n/a,forced
fox2026_step0_block0,attn_out,91960,64,b4415c236e726325,1d48effe79d77ce3,0.000000000,0.000000000,0.000000000,1.000000000,-1,0,n/a,forced
fox2026_step0_block0,attn_out,91960,65,b4415c236e726325,1d48effe79d77ce3,0.000000000,0.000000000,0.000000000,1.000000000,-1,0,n/a,forced
fox2026_step0_block0,attn_out,91960,66,b4415c236e726325,1d48effe79d77ce3,0.000000000,0.000000000,0.000000000,1.000000000,-1,0,n/a,forced
fox2026_step0_block0,attn_out,91960,67,b4415c236e726325,1d48effe79d77ce3,0.000000000,0.000000000,0.000000000,1.000000000,-1,0,n/a,forced
fox2026_step0_block0,attn_out,91960,68,b4415c236e726325,1d48effe79d77ce3,0.000000000,0.000000000,0.000000000,1.000000000,-1,0,n/a,forced
fox2026_step0_block0,attn_out,91960,69,b4415c236e726325,1d48effe79d77ce3,0.000000000,0.000000000,0.000000000,1.000000000,-1,0,n/a,forced
fox2026_step0_block0,attn_out,91960,70,b4415c236e726325,1d48effe79d77ce3,0.000000000,0.000000000,0.000000000,1.000000000,-1,0,n/a,forced
fox2026_step0_block0,attn_out,91960,71,b4415c236e726325,1d48effe79d77ce3,0.000000000,0.000000000,0.000000000,1.000000000,-1,0,n/a,forced
fox2026_step0_block0,attn_out,91960,72,b4415c236e726325,1d48effe79d77ce3,0.000000000,0.000000000,0.000000000,1.000000000,-1,0,n/a,forced
fox2026_step0_block0,attn_out,91960,73,b4415c236e726325,1d48effe79d77ce3,0.000000000,0.000000000,0.000000000,1.000000000,-1,0,n/a,forced
fox2026_step0_block0,attn_out,91960,74,b4415c236e726325,1d48effe79d77ce3,0.000000000,0.000000000,0.000000000,1.000000000,-1,0,n/a,forced
fox2026_step0_block0,attn_out,91960,75,b4415c236e726325,1d48effe79d77ce3,0.000000000,0.000000000,0.000000000,1.000000000,-1,0,n/a,forced
fox2026_step0_block0,attn_out,91960,76,b4415c236e726325,1d48effe79d77ce3,0.000000000,0.000000000,0.000000000,1.000000000,-1,0,n/a,forced
fox2026_step0_block0,attn_out,91960,77,b4415c236e726325,1d48effe79d77ce3,0.000000000,0.000000000,0.000000000,1.000000000,-1,0,n/a,forced
fox2026_step0_block0,attn_out,91960,78,b4415c236e726325,1d48effe79d77ce3,0.000000000,0.000000000,0.000000000,1.000000000,-1,0,n/a,forced
fox2026_step0_block0,attn_out,91960,79,b4415c236e726325,1d48effe79d77ce3,0.000000000,0.000000000,0.000000000,1.000000000,-1,0,n/a,forced
fox2026_step0_block0,attn_out,91960,80,b4415c236e726325,1d48effe79d77ce3,0.000000000,0.000000000,0.000000000,1.000000000,-1,0,n/a,forced
fox2026_step0_block0,attn_out,91960,81,b4415c236e726325,1d48effe79d77ce3,0.000000000,0.000000000,0.000000000,1.000000000,-1,0,n/a,forced
fox2026_step0_block0,attn_out,91960,82,b4415c236e726325,1d48effe79d77ce3,0.000000000,0.000000000,0.000000000,1.000000000,-1,0,n/a,forced
fox2026_step0_block0,attn_out,91960,83,b4415c236e726325,1d48effe79d77ce3,0.000000000,0.000000000,0.000000000,1.000000000,-1,0,n/a,forced
fox2026_step0_block0,attn_out,91960,84,b4415c236e726325,1d48effe79d77ce3,0.000000000,0.000000000,0.000000000,1.000000000,-1,0,n/a,forced
fox2026_step0_block0,attn_out,91960,85,b4415c236e726325,1d48effe79d77ce3,0.000000000,0.000000000,0.000000000,1.000000000,-1,0,n/a,forced
fox2026_step0_block0,attn_out,91960,86,b4415c236e726325,1d48effe79d77ce3,0.000000000,0.000000000,0.000000000,1.000000000,-1,0,n/a,forced
fox2026_step0_block0,attn_out,91960,87,b4415c236e726325,1d48effe79d77ce3,0.000000000,0.000000000,0.000000000,1.000000000,-1,0,n/a,forced
fox2026_step0_block0,attn_out,91960,88,b4415c236e726325,1d48effe79d77ce3,0.000000000,0.000000000,0.000000000,1.000000000,-1,0,n/a,forced
fox2026_step0_block0,attn_out,91960,89,b4415c236e726325,1d48effe79d77ce3,0.000000000,0.000000000,0.000000000,1.000000000,-1,0,n/a,forced
fox2026_step0_block0,attn_out,91960,90,b4415c236e726325,1d48effe79d77ce3,0.000000000,0.000000000,0.000000000,1.000000000,-1,0,n/a,forced
fox2026_step0_block0,attn_out,91960,91,b4415c236e726325,1d48effe79d77ce3,0.000000000,0.000000000,0.000000000,1.000000000,-1,0,n/a,forced
fox2026_step0_block0,attn_out,91960,92,b4415c236e726325,1d48effe79d77ce3,0.000000000,0.000000000,0.000000000,1.000000000,-1,0,n/a,forced
fox2026_step0_block0,attn_out,91960,93,b4415c236e726325,1d48effe79d77ce3,0.000000000,0.000000000,0.000000000,1.000000000,-1,0,n/a,forced
fox2026_step0_block0,attn_out,91960,94,b4415c236e726325,1d48effe79d77ce3,0.000000000,0.000000000,0.000000000,1.000000000,-1,0,n/a,forced
fox2026_step0_block0,attn_out,91960,95,b4415c236e726325,1d48effe79d77ce3,0.000000000,0.000000000,0.000000000,1.000000000,-1,0,n/a,forced
fox2026_step0_block0,attn_out,91960,96,b4415c236e726325,1d48effe79d77ce3,0.000000000,0.000000000,0.000000000,1.000000000,-1,0,n/a,forced
fox2026_step0_block0,attn_out,91960,97,b4415c236e726325,1d48effe79d77ce3,0.000000000,0.000000000,0.000000000,1.000000000,-1,0,n/a,forced
fox2026_step0_block0,attn_out,91960,98,b4415c236e726325,1d48effe79d77ce3,0.000000000,0.000000000,0.000000000,1.000000000,-1,0,n/a,forced
fox2026_step0_block0,attn_out,91960,99,b4415c236e726325,1d48effe79d77ce3,0.000000000,0.000000000,0.000000000,1.000000000,-1,0,n/a,forced
fox2026_step0_block0,block,91996,0,b8b359f82ef1aaa3,e9fad8a6dee9aa02,0.000000000,0.000000000,0.000000000,1.000000000,-1,0,n/a,forced
fox2026_step0_block0,block,91996,1,b8b359f82ef1aaa3,e9fad8a6dee9aa02,0.000000000,0.000000000,0.000000000,1.000000000,-1,0,n/a,forced
fox2026_step0_block0,block,91996,2,b8b359f82ef1aaa3,e9fad8a6dee9aa02,0.000000000,0.000000000,0.000000000,1.000000000,-1,0,n/a,forced
fox2026_step0_block0,block,91996,3,b8b359f82ef1aaa3,e9fad8a6dee9aa02,0.000000000,0.000000000,0.000000000,1.000000000,-1,0,n/a,forced
fox2026_step0_block0,block,91996,4,b8b359f82ef1aaa3,e9fad8a6dee9aa02,0.000000000,0.000000000,0.000000000,1.000000000,-1,0,n/a,forced
fox2026_step0_block0,block,91996,5,b8b359f82ef1aaa3,e9fad8a6dee9aa02,0.000000000,0.000000000,0.000000000,1.000000000,-1,0,n/a,forced
fox2026_step0_block0,block,91996,6,b8b359f82ef1aaa3,e9fad8a6dee9aa02,0.000000000,0.000000000,0.000000000,1.000000000,-1,0,n/a,forced
fox2026_step0_block0,block,91996,7,b8b359f82ef1aaa3,e9fad8a6dee9aa02,0.000000000,0.000000000,0.000000000,1.000000000,-1,0,n/a,forced
fox2026_step0_block0,block,91996,8,b8b359f82ef1aaa3,e9fad8a6dee9aa02,0.000000000,0.000000000,0.000000000,1.000000000,-1,0,n/a,forced
fox2026_step0_block0,block,91996,9,b8b359f82ef1aaa3,e9fad8a6dee9aa02,0.000000000,0.000000000,0.000000000,1.000000000,-1,0,n/a,forced
fox2026_step0_block0,block,91996,10,b8b359f82ef1aaa3,e9fad8a6dee9aa02,0.000000000,0.000000000,0.000000000,1.000000000,-1,0,n/a,forced
fox2026_step0_block0,block,91996,11,b8b359f82ef1aaa3,e9fad8a6dee9aa02,0.000000000,0.000000000,0.000000000,1.000000000,-1,0,n/a,forced
fox2026_step0_block0,block,91996,12,b8b359f82ef1aaa3,e9fad8a6dee9aa02,0.000000000,0.000000000,0.000000000,1.000000000,-1,0,n/a,forced
fox2026_step0_block0,block,91996,13,b8b359f82ef1aaa3,e9fad8a6dee9aa02,0.000000000,0.000000000,0.000000000,1.000000000,-1,0,n/a,forced
fox2026_step0_block0,block,91996,14,b8b359f82ef1aaa3,e9fad8a6dee9aa02,0.000000000,0.000000000,0.000000000,1.000000000,-1,0,n/a,forced
fox2026_step0_block0,block,91996,15,b8b359f82ef1aaa3,e9fad8a6dee9aa02,0.000000000,0.000000000,0.000000000,1.000000000,-1,0,n/a,forced
fox2026_step0_block0,block,91996,16,b8b359f82ef1aaa3,e9fad8a6dee9aa02,0.000000000,0.000000000,0.000000000,1.000000000,-1,0,n/a,forced
fox2026_step0_block0,block,91996,17,b8b359f82ef1aaa3,e9fad8a6dee9aa02,0.000000000,0.000000000,0.000000000,1.000000000,-1,0,n/a,forced
fox2026_step0_block0,block,91996,18,b8b359f82ef1aaa3,e9fad8a6dee9aa02,0.000000000,0.000000000,0.000000000,1.000000000,-1,0,n/a,forced
fox2026_step0_block0,block,91996,19,b8b359f82ef1aaa3,e9fad8a6dee9aa02,0.000000000,0.000000000,0.000000000,1.000000000,-1,0,n/a,forced
fox2026_step0_block25,qkv,93595,0,0000000000000000,438895a41ffc4b90,0.000000000,0.000000000,0.000000000,1.000000000,-1,0,n/a,forced
fox2026_step0_block25,qkv,93595,1,0000000000000000,438895a41ffc4b90,0.000000000,0.000000000,0.000000000,1.000000000,-1,0,n/a,forced
fox2026_step0_block25,qkv,93595,2,0000000000000000,438895a41ffc4b90,0.000000000,0.000000000,0.000000000,1.000000000,-1,0,n/a,forced
fox2026_step0_block25,qkv,93595,3,0000000000000000,438895a41ffc4b90,0.000000000,0.000000000,0.000000000,1.000000000,-1,0,n/a,forced
fox2026_step0_block25,qkv,93595,4,0000000000000000,438895a41ffc4b90,0.000000000,0.000000000,0.000000000,1.000000000,-1,0,n/a,forced
fox2026_step0_block25,qkv,93595,5,0000000000000000,438895a41ffc4b90,0.000000000,0.000000000,0.000000000,1.000000000,-1,0,n/a,forced
fox2026_step0_block25,qkv,93595,6,0000000000000000,438895a41ffc4b90,0.000000000,0.000000000,0.000000000,1.000000000,-1,0,n/a,forced
fox2026_step0_block25,qkv,93595,7,0000000000000000,438895a41ffc4b90,0.000000000,0.000000000,0.000000000,1.000000000,-1,0,n/a,forced
fox2026_step0_block25,qkv,93595,8,0000000000000000,438895a41ffc4b90,0.000000000,0.000000000,0.000000000,1.000000000,-1,0,n/a,forced
fox2026_step0_block25,qkv,93595,9,0000000000000000,438895a41ffc4b90,0.000000000,0.000000000,0.000000000,1.000000000,-1,0,n/a,forced
fox2026_step0_block25,qkv,93595,10,0000000000000000,438895a41ffc4b90,0.000000000,0.000000000,0.000000000,1.000000000,-1,0,n/a,forced
fox2026_step0_block25,qkv,93595,11,0000000000000000,438895a41ffc4b90,0.000000000,0.000000000,0.000000000,1.000000000,-1,0,n/a,forced
fox2026_step0_block25,qkv,93595,12,0000000000000000,438895a41ffc4b90,0.000000000,0.000000000,0.000000000,1.000000000,-1,0,n/a,forced
fox2026_step0_block25,qkv,93595,13,0000000000000000,438895a41ffc4b90,0.000000000,0.000000000,0.000000000,1.000000000,-1,0,n/a,forced
fox2026_step0_block25,qkv,93595,14,0000000000000000,438895a41ffc4b90,0.000000000,0.000000000,0.000000000,1.000000000,-1,0,n/a,forced
fox2026_step0_block25,qkv,93595,15,0000000000000000,438895a41ffc4b90,0.000000000,0.000000000,0.000000000,1.000000000,-1,0,n/a,forced
fox2026_step0_block25,qkv,93595,16,0000000000000000,438895a41ffc4b90,0.000000000,0.000000000,0.000000000,1.000000000,-1,0,n/a,forced
fox2026_step0_block25,qkv,93595,17,0000000000000000,438895a41ffc4b90,0.000000000,0.000000000,0.000000000,1.000000000,-1,0,n/a,forced
fox2026_step0_block25,qkv,93595,18,0000000000000000,438895a41ffc4b90,0.000000000,0.000000000,0.000000000,1.000000000,-1,0,n/a,forced
fox2026_step0_block25,qkv,93595,19,0000000000000000,438895a41ffc4b90,0.000000000,0.000000000,0.000000000,1.000000000,-1,0,n/a,forced
fox2026_step0_block25,qkv,93595,20,0000000000000000,438895a41ffc4b90,0.000000000,0.000000000,0.000000000,1.000000000,-1,0,n/a,forced
fox2026_step0_block25,qkv,93595,21,0000000000000000,438895a41ffc4b90,0.000000000,0.000000000,0.000000000,1.000000000,-1,0,n/a,forced
fox2026_step0_block25,qkv,93595,22,0000000000000000,438895a41ffc4b90,0.000000000,0.000000000,0.000000000,1.000000000,-1,0,n/a,forced
fox2026_step0_block25,qkv,93595,23,0000000000000000,438895a41ffc4b90,0.000000000,0.000000000,0.000000000,1.000000000,-1,0,n/a,forced
fox2026_step0_block25,qkv,93595,24,0000000000000000,438895a41ffc4b90,0.000000000,0.000000000,0.000000000,1.000000000,-1,0,n/a,forced
fox2026_step0_block25,qkv,93595,25,0000000000000000,438895a41ffc4b90,0.000000000,0.000000000,0.000000000,1.000000000,-1,0,n/a,forced
fox2026_step0_block25,qkv,93595,26,0000000000000000,438895a41ffc4b90,0.000000000,0.000000000,0.000000000,1.000000000,-1,0,n/a,forced
fox2026_step0_block25,qkv,93595,27,0000000000000000,438895a41ffc4b90,0.000000000,0.000000000,0.000000000,1.000000000,-1,0,n/a,forced
fox2026_step0_block25,qkv,93595,28,0000000000000000,438895a41ffc4b90,0.000000000,0.000000000,0.000000000,1.000000000,-1,0,n/a,forced
fox2026_step0_block25,qkv,93595,29,0000000000000000,438895a41ffc4b90,0.000000000,0.000000000,0.000000000,1.000000000,-1,0,n/a,forced
fox2026_step0_block25,qkv,93595,30,0000000000000000,438895a41ffc4b90,0.000000000,0.000000000,0.000000000,1.000000000,-1,0,n/a,forced
fox2026_step0_block25,qkv,93595,31,0000000000000000,438895a41ffc4b90,0.000000000,0.000000000,0.000000000,1.000000000,-1,0,n/a,forced
fox2026_step0_block25,qkv,93595,32,0000000000000000,438895a41ffc4b90,0.000000000,0.000000000,0.000000000,1.000000000,-1,0,n/a,forced
fox2026_step0_block25,qkv,93595,33,0000000000000000,438895a41ffc4b90,0.000000000,0.000000000,0.000000000,1.000000000,-1,0,n/a,forced
fox2026_step0_block25,qkv,93595,34,0000000000000000,438895a41ffc4b90,0.000000000,0.000000000,0.000000000,1.000000000,-1,0,n/a,forced
fox2026_step0_block25,qkv,93595,35,0000000000000000,438895a41ffc4b90,0.000000000,0.000000000,0.000000000,1.000000000,-1,0,n/a,forced
fox2026_step0_block25,qkv,93595,36,0000000000000000,438895a41ffc4b90,0.000000000,0.000000000,0.000000000,1.000000000,-1,0,n/a,forced
fox2026_step0_block25,qkv,93595,37,0000000000000000,438895a41ffc4b90,0.000000000,0.000000000,0.000000000,1.000000000,-1,0,n/a,forced
fox2026_step0_block25,qkv,93595,38,0000000000000000,438895a41ffc4b90,0.000000000,0.000000000,0.000000000,1.000000000,-1,0,n/a,forced
fox2026_step0_block25,qkv,93595,39,0000000000000000,438895a41ffc4b90,0.000000000,0.000000000,0.000000000,1.000000000,-1,0,n/a,forced
fox2026_step0_block25,qkv,93595,40,0000000000000000,438895a41ffc4b90,0.000000000,0.000000000,0.000000000,1.000000000,-1,0,n/a,forced
fox2026_step0_block25,qkv,93595,41,0000000000000000,438895a41ffc4b90,0.000000000,0.000000000,0.000000000,1.000000000,-1,0,n/a,forced
fox2026_step0_block25,qkv,93595,42,0000000000000000,438895a41ffc4b90,0.000000000,0.000000000,0.000000000,1.000000000,-1,0,n/a,forced
fox2026_step0_block25,qkv,93595,43,0000000000000000,438895a41ffc4b90,0.000000000,0.000000000,0.000000000,1.000000000,-1,0,n/a,forced
fox2026_step0_block25,qkv,93595,44,0000000000000000,438895a41ffc4b90,0.000000000,0.000000000,0.000000000,1.000000000,-1,0,n/a,forced
fox2026_step0_block25,qkv,93595,45,0000000000000000,438895a41ffc4b90,0.000000000,0.000000000,0.000000000,1.000000000,-1,0,n/a,forced
fox2026_step0_block25,qkv,93595,46,0000000000000000,438895a41ffc4b90,0.000000000,0.000000000,0.000000000,1.000000000,-1,0,n/a,forced
fox2026_step0_block25,qkv,93595,47,0000000000000000,438895a41ffc4b90,0.000000000,0.000000000,0.000000000,1.000000000,-1,0,n/a,forced
fox2026_step0_block25,qkv,93595,48,0000000000000000,438895a41ffc4b90,0.000000000,0.000000000,0.000000000,1.000000000,-1,0,n/a,forced
fox2026_step0_block25,qkv,93595,49,0000000000000000,438895a41ffc4b90,0.000000000,0.000000000,0.000000000,1.000000000,-1,0,n/a,forced
fox2026_step0_block25,sdpa,93799,0,5123ee874cb57559,0c98ec19df4d8004,0.000000000,0.000000000,0.000000000,1.000000000,-1,0,n/a,forced
fox2026_step0_block25,sdpa,93799,1,5123ee874cb57559,0c98ec19df4d8004,0.000000000,0.000000000,0.000000000,1.000000000,-1,0,n/a,forced
fox2026_step0_block25,sdpa,93799,2,5123ee874cb57559,0c98ec19df4d8004,0.000000000,0.000000000,0.000000000,1.000000000,-1,0,n/a,forced
fox2026_step0_block25,sdpa,93799,3,5123ee874cb57559,0c98ec19df4d8004,0.000000000,0.000000000,0.000000000,1.000000000,-1,0,n/a,forced
fox2026_step0_block25,sdpa,93799,4,5123ee874cb57559,0c98ec19df4d8004,0.000000000,0.000000000,0.000000000,1.000000000,-1,0,n/a,forced
fox2026_step0_block25,sdpa,93799,5,5123ee874cb57559,0c98ec19df4d8004,0.000000000,0.000000000,0.000000000,1.000000000,-1,0,n/a,forced
fox2026_step0_block25,sdpa,93799,6,5123ee874cb57559,0c98ec19df4d8004,0.000000000,0.000000000,0.000000000,1.000000000,-1,0,n/a,forced
fox2026_step0_block25,sdpa,93799,7,5123ee874cb57559,0c98ec19df4d8004,0.000000000,0.000000000,0.000000000,1.000000000,-1,0,n/a,forced
fox2026_step0_block25,sdpa,93799,8,5123ee874cb57559,0c98ec19df4d8004,0.000000000,0.000000000,0.000000000,1.000000000,-1,0,n/a,forced
fox2026_step0_block25,sdpa,93799,9,5123ee874cb57559,0c98ec19df4d8004,0.000000000,0.000000000,0.000000000,1.000000000,-1,0,n/a,forced
fox2026_step0_block25,sdpa,93799,10,5123ee874cb57559,0c98ec19df4d8004,0.000000000,0.000000000,0.000000000,1.000000000,-1,0,n/a,forced
fox2026_step0_block25,sdpa,93799,11,5123ee874cb57559,0c98ec19df4d8004,0.000000000,0.000000000,0.000000000,1.000000000,-1,0,n/a,forced
fox2026_step0_block25,sdpa,93799,12,5123ee874cb57559,0c98ec19df4d8004,0.000000000,0.000000000,0.000000000,1.000000000,-1,0,n/a,forced
fox2026_step0_block25,sdpa,93799,13,5123ee874cb57559,0c98ec19df4d8004,0.000000000,0.000000000,0.000000000,1.000000000,-1,0,n/a,forced
fox2026_step0_block25,sdpa,93799,14,5123ee874cb57559,0c98ec19df4d8004,0.000000000,0.000000000,0.000000000,1.000000000,-1,0,n/a,forced
fox2026_step0_block25,sdpa,93799,15,5123ee874cb57559,0c98ec19df4d8004,0.000000000,0.000000000,0.000000000,1.000000000,-1,0,n/a,forced
fox2026_step0_block25,sdpa,93799,16,5123ee874cb57559,0c98ec19df4d8004,0.000000000,0.000000000,0.000000000,1.000000000,-1,0,n/a,forced
fox2026_step0_block25,sdpa,93799,17,5123ee874cb57559,0c98ec19df4d8004,0.000000000,0.000000000,0.000000000,1.000000000,-1,0,n/a,forced
fox2026_step0_block25,sdpa,93799,18,5123ee874cb57559,0c98ec19df4d8004,0.000000000,0.000000000,0.000000000,1.000000000,-1,0,n/a,forced
fox2026_step0_block25,sdpa,93799,19,5123ee874cb57559,0c98ec19df4d8004,0.000000000,0.000000000,0.000000000,1.000000000,-1,0,n/a,forced
fox2026_step0_block25,sdpa,93799,20,5123ee874cb57559,0c98ec19df4d8004,0.000000000,0.000000000,0.000000000,1.000000000,-1,0,n/a,forced
fox2026_step0_block25,sdpa,93799,21,5123ee874cb57559,0c98ec19df4d8004,0.000000000,0.000000000,0.000000000,1.000000000,-1,0,n/a,forced
fox2026_step0_block25,sdpa,93799,22,5123ee874cb57559,0c98ec19df4d8004,0.000000000,0.000000000,0.000000000,1.000000000,-1,0,n/a,forced
fox2026_step0_block25,sdpa,93799,23,5123ee874cb57559,0c98ec19df4d8004,0.000000000,0.000000000,0.000000000,1.000000000,-1,0,n/a,forced
fox2026_step0_block25,sdpa,93799,24,5123ee874cb57559,0c98ec19df4d8004,0.000000000,0.000000000,0.000000000,1.000000000,-1,0,n/a,forced
fox2026_step0_block25,sdpa,93799,25,5123ee874cb57559,0c98ec19df4d8004,0.000000000,0.000000000,0.000000000,1.000000000,-1,0,n/a,forced
fox2026_step0_block25,sdpa,93799,26,5123ee874cb57559,0c98ec19df4d8004,0.000000000,0.000000000,0.000000000,1.000000000,-1,0,n/a,forced
fox2026_step0_block25,sdpa,93799,27,5123ee874cb57559,0c98ec19df4d8004,0.000000000,0.000000000,0.000000000,1.000000000,-1,0,n/a,forced
fox2026_step0_block25,sdpa,93799,28,5123ee874cb57559,0c98ec19df4d8004,0.000000000,0.000000000,0.000000000,1.000000000,-1,0,n/a,forced
fox2026_step0_block25,sdpa,93799,29,5123ee874cb57559,0c98ec19df4d8004,0.000000000,0.000000000,0.000000000,1.000000000,-1,0,n/a,forced
fox2026_step0_block25,sdpa,93799,30,5123ee874cb57559,0c98ec19df4d8004,0.000000000,0.000000000,0.000000000,1.000000000,-1,0,n/a,forced
fox2026_step0_block25,sdpa,93799,31,5123ee874cb57559,0c98ec19df4d8004,0.000000000,0.000000000,0.000000000,1.000000000,-1,0,n/a,forced
fox2026_step0_block25,sdpa,93799,32,5123ee874cb57559,0c98ec19df4d8004,0.000000000,0.000000000,0.000000000,1.000000000,-1,0,n/a,forced
fox2026_step0_block25,sdpa,93799,33,5123ee874cb57559,0c98ec19df4d8004,0.000000000,0.000000000,0.000000000,1.000000000,-1,0,n/a,forced
fox2026_step0_block25,sdpa,93799,34,5123ee874cb57559,0c98ec19df4d8004,0.000000000,0.000000000,0.000000000,1.000000000,-1,0,n/a,forced
fox2026_step0_block25,sdpa,93799,35,5123ee874cb57559,0c98ec19df4d8004,0.000000000,0.000000000,0.000000000,1.000000000,-1,0,n/a,forced
fox2026_step0_block25,sdpa,93799,36,5123ee874cb57559,0c98ec19df4d8004,0.000000000,0.000000000,0.000000000,1.000000000,-1,0,n/a,forced
fox2026_step0_block25,sdpa,93799,37,5123ee874cb57559,0c98ec19df4d8004,0.000000000,0.000000000,0.000000000,1.000000000,-1,0,n/a,forced
fox2026_step0_block25,sdpa,93799,38,5123ee874cb57559,0c98ec19df4d8004,0.000000000,0.000000000,0.000000000,1.000000000,-1,0,n/a,forced
fox2026_step0_block25,sdpa,93799,39,5123ee874cb57559,0c98ec19df4d8004,0.000000000,0.000000000,0.000000000,1.000000000,-1,0,n/a,forced
fox2026_step0_block25,sdpa,93799,40,5123ee874cb57559,0c98ec19df4d8004,0.000000000,0.000000000,0.000000000,1.000000000,-1,0,n/a,forced
fox2026_step0_block25,sdpa,93799,41,5123ee874cb57559,0c98ec19df4d8004,0.000000000,0.000000000,0.000000000,1.000000000,-1,0,n/a,forced
fox2026_step0_block25,sdpa,93799,42,5123ee874cb57559,0c98ec19df4d8004,0.000000000,0.000000000,0.000000000,1.000000000,-1,0,n/a,forced
fox2026_step0_block25,sdpa,93799,43,5123ee874cb57559,0c98ec19df4d8004,0.000000000,0.000000000,0.000000000,1.000000000,-1,0,n/a,forced
fox2026_step0_block25,sdpa,93799,44,5123ee874cb57559,0c98ec19df4d8004,0.000000000,0.000000000,0.000000000,1.000000000,-1,0,n/a,forced
fox2026_step0_block25,sdpa,93799,45,5123ee874cb57559,0c98ec19df4d8004,0.000000000,0.000000000,0.000000000,1.000000000,-1,0,n/a,forced
fox2026_step0_block25,sdpa,93799,46,5123ee874cb57559,0c98ec19df4d8004,0.000000000,0.000000000,0.000000000,1.000000000,-1,0,n/a,forced
fox2026_step0_block25,sdpa,93799,47,5123ee874cb57559,0c98ec19df4d8004,0.000000000,0.000000000,0.000000000,1.000000000,-1,0,n/a,forced
fox2026_step0_block25,sdpa,93799,48,5123ee874cb57559,0c98ec19df4d8004,0.000000000,0.000000000,0.000000000,1.000000000,-1,0,n/a,forced
fox2026_step0_block25,sdpa,93799,49,5123ee874cb57559,0c98ec19df4d8004,0.000000000,0.000000000,0.000000000,1.000000000,-1,0,n/a,forced
fox2026_step0_block25,attn_out,93873,0,47594c6a72fee97d,1effd15128e9a188,0.000000000,0.000000000,0.000000000,1.000000000,-1,0,n/a,forced
fox2026_step0_block25,attn_out,93873,1,47594c6a72fee97d,1effd15128e9a188,0.000000000,0.000000000,0.000000000,1.000000000,-1,0,n/a,forced
fox2026_step0_block25,attn_out,93873,2,47594c6a72fee97d,1effd15128e9a188,0.000000000,0.000000000,0.000000000,1.000000000,-1,0,n/a,forced
fox2026_step0_block25,attn_out,93873,3,47594c6a72fee97d,1effd15128e9a188,0.000000000,0.000000000,0.000000000,1.000000000,-1,0,n/a,forced
fox2026_step0_block25,attn_out,93873,4,47594c6a72fee97d,1effd15128e9a188,0.000000000,0.000000000,0.000000000,1.000000000,-1,0,n/a,forced
fox2026_step0_block25,attn_out,93873,5,47594c6a72fee97d,1effd15128e9a188,0.000000000,0.000000000,0.000000000,1.000000000,-1,0,n/a,forced
fox2026_step0_block25,attn_out,93873,6,47594c6a72fee97d,1effd15128e9a188,0.000000000,0.000000000,0.000000000,1.000000000,-1,0,n/a,forced
fox2026_step0_block25,attn_out,93873,7,47594c6a72fee97d,1effd15128e9a188,0.000000000,0.000000000,0.000000000,1.000000000,-1,0,n/a,forced
fox2026_step0_block25,attn_out,93873,8,47594c6a72fee97d,1effd15128e9a188,0.000000000,0.000000000,0.000000000,1.000000000,-1,0,n/a,forced
fox2026_step0_block25,attn_out,93873,9,47594c6a72fee97d,1effd15128e9a188,0.000000000,0.000000000,0.000000000,1.000000000,-1,0,n/a,forced
fox2026_step0_block25,attn_out,93873,10,47594c6a72fee97d,1effd15128e9a188,0.000000000,0.000000000,0.000000000,1.000000000,-1,0,n/a,forced
fox2026_step0_block25,attn_out,93873,11,47594c6a72fee97d,1effd15128e9a188,0.000000000,0.000000000,0.000000000,1.000000000,-1,0,n/a,forced
fox2026_step0_block25,attn_out,93873,12,47594c6a72fee97d,1effd15128e9a188,0.000000000,0.000000000,0.000000000,1.000000000,-1,0,n/a,forced
fox2026_step0_block25,attn_out,93873,13,47594c6a72fee97d,1effd15128e9a188,0.000000000,0.000000000,0.000000000,1.000000000,-1,0,n/a,forced
fox2026_step0_block25,attn_out,93873,14,47594c6a72fee97d,1effd15128e9a188,0.000000000,0.000000000,0.000000000,1.000000000,-1,0,n/a,forced
fox2026_step0_block25,attn_out,93873,15,47594c6a72fee97d,1effd15128e9a188,0.000000000,0.000000000,0.000000000,1.000000000,-1,0,n/a,forced
fox2026_step0_block25,attn_out,93873,16,47594c6a72fee97d,1effd15128e9a188,0.000000000,0.000000000,0.000000000,1.000000000,-1,0,n/a,forced
fox2026_step0_block25,attn_out,93873,17,47594c6a72fee97d,1effd15128e9a188,0.000000000,0.000000000,0.000000000,1.000000000,-1,0,n/a,forced
fox2026_step0_block25,attn_out,93873,18,47594c6a72fee97d,1effd15128e9a188,0.000000000,0.000000000,0.000000000,1.000000000,-1,0,n/a,forced
fox2026_step0_block25,attn_out,93873,19,47594c6a72fee97d,1effd15128e9a188,0.000000000,0.000000000,0.000000000,1.000000000,-1,0,n/a,forced
fox2026_step0_block25,attn_out,93873,20,47594c6a72fee97d,1effd15128e9a188,0.000000000,0.000000000,0.000000000,1.000000000,-1,0,n/a,forced
fox2026_step0_block25,attn_out,93873,21,47594c6a72fee97d,1effd15128e9a188,0.000000000,0.000000000,0.000000000,1.000000000,-1,0,n/a,forced
fox2026_step0_block25,attn_out,93873,22,47594c6a72fee97d,1effd15128e9a188,0.000000000,0.000000000,0.000000000,1.000000000,-1,0,n/a,forced
fox2026_step0_block25,attn_out,93873,23,47594c6a72fee97d,1effd15128e9a188,0.000000000,0.000000000,0.000000000,1.000000000,-1,0,n/a,forced
fox2026_step0_block25,attn_out,93873,24,47594c6a72fee97d,1effd15128e9a188,0.000000000,0.000000000,0.000000000,1.000000000,-1,0,n/a,forced
fox2026_step0_block25,attn_out,93873,25,47594c6a72fee97d,1effd15128e9a188,0.000000000,0.000000000,0.000000000,1.000000000,-1,0,n/a,forced
fox2026_step0_block25,attn_out,93873,26,47594c6a72fee97d,1effd15128e9a188,0.000000000,0.000000000,0.000000000,1.000000000,-1,0,n/a,forced
fox2026_step0_block25,attn_out,93873,27,47594c6a72fee97d,1effd15128e9a188,0.000000000,0.000000000,0.000000000,1.000000000,-1,0,n/a,forced
fox2026_step0_block25,attn_out,93873,28,47594c6a72fee97d,1effd15128e9a188,0.000000000,0.000000000,0.000000000,1.000000000,-1,0,n/a,forced
fox2026_step0_block25,attn_out,93873,29,47594c6a72fee97d,1effd15128e9a188,0.000000000,0.000000000,0.000000000,1.000000000,-1,0,n/a,forced
fox2026_step0_block25,attn_out,93873,30,47594c6a72fee97d,1effd15128e9a188,0.000000000,0.000000000,0.000000000,1.000000000,-1,0,n/a,forced
fox2026_step0_block25,attn_out,93873,31,47594c6a72fee97d,1effd15128e9a188,0.000000000,0.000000000,0.000000000,1.000000000,-1,0,n/a,forced
fox2026_step0_block25,attn_out,93873,32,47594c6a72fee97d,1effd15128e9a188,0.000000000,0.000000000,0.000000000,1.000000000,-1,0,n/a,forced
fox2026_step0_block25,attn_out,93873,33,47594c6a72fee97d,1effd15128e9a188,0.000000000,0.000000000,0.000000000,1.000000000,-1,0,n/a,forced
fox2026_step0_block25,attn_out,93873,34,47594c6a72fee97d,1effd15128e9a188,0.000000000,0.000000000,0.000000000,1.000000000,-1,0,n/a,forced
fox2026_step0_block25,attn_out,93873,35,47594c6a72fee97d,1effd15128e9a188,0.000000000,0.000000000,0.000000000,1.000000000,-1,0,n/a,forced
fox2026_step0_block25,attn_out,93873,36,47594c6a72fee97d,1effd15128e9a188,0.000000000,0.000000000,0.000000000,1.000000000,-1,0,n/a,forced
fox2026_step0_block25,attn_out,93873,37,47594c6a72fee97d,1effd15128e9a188,0.000000000,0.000000000,0.000000000,1.000000000,-1,0,n/a,forced
fox2026_step0_block25,attn_out,93873,38,47594c6a72fee97d,1effd15128e9a188,0.000000000,0.000000000,0.000000000,1.000000000,-1,0,n/a,forced
fox2026_step0_block25,attn_out,93873,39,47594c6a72fee97d,1effd15128e9a188,0.000000000,0.000000000,0.000000000,1.000000000,-1,0,n/a,forced
fox2026_step0_block25,attn_out,93873,40,47594c6a72fee97d,1effd15128e9a188,0.000000000,0.000000000,0.000000000,1.000000000,-1,0,n/a,forced
fox2026_step0_block25,attn_out,93873,41,47594c6a72fee97d,1effd15128e9a188,0.000000000,0.000000000,0.000000000,1.000000000,-1,0,n/a,forced
fox2026_step0_block25,attn_out,93873,42,47594c6a72fee97d,1effd15128e9a188,0.000000000,0.000000000,0.000000000,1.000000000,-1,0,n/a,forced
fox2026_step0_block25,attn_out,93873,43,47594c6a72fee97d,1effd15128e9a188,0.000000000,0.000000000,0.000000000,1.000000000,-1,0,n/a,forced
fox2026_step0_block25,attn_out,93873,44,47594c6a72fee97d,1effd15128e9a188,0.000000000,0.000000000,0.000000000,1.000000000,-1,0,n/a,forced
fox2026_step0_block25,attn_out,93873,45,47594c6a72fee97d,1effd15128e9a188,0.000000000,0.000000000,0.000000000,1.000000000,-1,0,n/a,forced
fox2026_step0_block25,attn_out,93873,46,47594c6a72fee97d,1effd15128e9a188,0.000000000,0.000000000,0.000000000,1.000000000,-1,0,n/a,forced
fox2026_step0_block25,attn_out,93873,47,47594c6a72fee97d,1effd15128e9a188,0.000000000,0.000000000,0.000000000,1.000000000,-1,0,n/a,forced
fox2026_step0_block25,attn_out,93873,48,47594c6a72fee97d,1effd15128e9a188,0.000000000,0.000000000,0.000000000,1.000000000,-1,0,n/a,forced
fox2026_step0_block25,attn_out,93873,49,47594c6a72fee97d,1effd15128e9a188,0.000000000,0.000000000,0.000000000,1.000000000,-1,0,n/a,forced
fox2026_step0_block25,block,94008,0,76740629e5bde485,651ec726c8b61d86,0.000000000,0.000000000,0.000000000,1.000000000,-1,0,n/a,forced
fox2026_step0_block25,block,94008,1,76740629e5bde485,651ec726c8b61d86,0.000000000,0.000000000,0.000000000,1.000000000,-1,0,n/a,forced
fox2026_step0_block25,block,94008,2,76740629e5bde485,651ec726c8b61d86,0.000000000,0.000000000,0.000000000,1.000000000,-1,0,n/a,forced
fox2026_step0_block25,block,94008,3,76740629e5bde485,651ec726c8b61d86,0.000000000,0.000000000,0.000000000,1.000000000,-1,0,n/a,forced
fox2026_step0_block25,block,94008,4,76740629e5bde485,651ec726c8b61d86,0.000000000,0.000000000,0.000000000,1.000000000,-1,0,n/a,forced
fox2026_step0_block25,block,94008,5,76740629e5bde485,651ec726c8b61d86,0.000000000,0.000000000,0.000000000,1.000000000,-1,0,n/a,forced
fox2026_step0_block25,block,94008,6,76740629e5bde485,651ec726c8b61d86,0.000000000,0.000000000,0.000000000,1.000000000,-1,0,n/a,forced
fox2026_step0_block25,block,94008,7,76740629e5bde485,651ec726c8b61d86,0.000000000,0.000000000,0.000000000,1.000000000,-1,0,n/a,forced
fox2026_step0_block25,block,94008,8,76740629e5bde485,651ec726c8b61d86,0.000000000,0.000000000,0.000000000,1.000000000,-1,0,n/a,forced
fox2026_step0_block25,block,94008,9,76740629e5bde485,651ec726c8b61d86,0.000000000,0.000000000,0.000000000,1.000000000,-1,0,n/a,forced
fox2026_step0_block25,block,94008,10,76740629e5bde485,651ec726c8b61d86,0.000000000,0.000000000,0.000000000,1.000000000,-1,0,n/a,forced
fox2026_step0_block25,block,94008,11,76740629e5bde485,651ec726c8b61d86,0.000000000,0.000000000,0.000000000,1.000000000,-1,0,n/a,forced
fox2026_step0_block25,block,94008,12,76740629e5bde485,651ec726c8b61d86,0.000000000,0.000000000,0.000000000,1.000000000,-1,0,n/a,forced
fox2026_step0_block25,block,94008,13,76740629e5bde485,651ec726c8b61d86,0.000000000,0.000000000,0.000000000,1.000000000,-1,0,n/a,forced
fox2026_step0_block25,block,94008,14,76740629e5bde485,651ec726c8b61d86,0.000000000,0.000000000,0.000000000,1.000000000,-1,0,n/a,forced
fox2026_step0_block25,block,94008,15,76740629e5bde485,651ec726c8b61d86,0.000000000,0.000000000,0.000000000,1.000000000,-1,0,n/a,forced
fox2026_step0_block25,block,94008,16,76740629e5bde485,651ec726c8b61d86,0.000000000,0.000000000,0.000000000,1.000000000,-1,0,n/a,forced
fox2026_step0_block25,block,94008,17,76740629e5bde485,651ec726c8b61d86,0.000000000,0.000000000,0.000000000,1.000000000,-1,0,n/a,forced
fox2026_step0_block25,block,94008,18,76740629e5bde485,651ec726c8b61d86,0.000000000,0.000000000,0.000000000,1.000000000,-1,0,n/a,forced
fox2026_step0_block25,block,94008,19,76740629e5bde485,651ec726c8b61d86,0.000000000,0.000000000,0.000000000,1.000000000,-1,0,n/a,forced
fox2026_fresh1_step0_block0,qkv,92049,0,e6cabd41f05e5325,1900045fc35b9a50,0.000000000,0.000000000,0.000000000,1.000000000,-1,0,n/a,forced
fox2026_fresh2_step0_block0,qkv,92081,0,e6cabd41f05e5325,1900045fc35b9a50,0.000000000,0.000000000,0.000000000,1.000000000,-1,0,n/a,forced
fox2026_fresh3_step0_block0,qkv,92117,0,e6cabd41f05e5325,1900045fc35b9a50,0.000000000,0.000000000,0.000000000,1.000000000,-1,0,n/a,forced
fox2026_fresh4_step0_block0,qkv,92190,0,e6cabd41f05e5325,1900045fc35b9a50,0.000000000,0.000000000,0.000000000,1.000000000,-1,0,n/a,forced
fox2026_fresh5_step0_block0,qkv,92233,0,e6cabd41f05e5325,1900045fc35b9a50,0.000000000,0.000000000,0.000000000,1.000000000,-1,0,n/a,forced
fox2026_fresh6_step0_block0,qkv,92270,0,e6cabd41f05e5325,1900045fc35b9a50,0.000000000,0.000000000,0.000000000,1.000000000,-1,0,n/a,forced
fox2026_fresh7_step0_block0,qkv,92317,0,e6cabd41f05e5325,1900045fc35b9a50,0.000000000,0.000000000,0.000000000,1.000000000,-1,0,n/a,forced
fox2026_fresh8_step0_block0,qkv,92334,0,e6cabd41f05e5325,1900045fc35b9a50,0.000000000,0.000000000,0.000000000,1.000000000,-1,0,n/a,forced
fox2026_fresh9_step0_block0,qkv,92365,0,e6cabd41f05e5325,1900045fc35b9a50,0.000000000,0.000000000,0.000000000,1.000000000,-1,0,n/a,forced
fox2026_fresh10_step0_block0,qkv,92423,0,e6cabd41f05e5325,1900045fc35b9a50,0.000000000,0.000000000,0.000000000,1.000000000,-1,0,n/a,forced
fox2026_fresh11_step0_block0,qkv,92441,0,e6cabd41f05e5325,1900045fc35b9a50,0.000000000,0.000000000,0.000000000,1.000000000,-1,0,n/a,forced
fox2026_fresh12_step0_block0,qkv,92507,0,e6cabd41f05e5325,1900045fc35b9a50,0.000000000,0.000000000,0.000000000,1.000000000,-1,0,n/a,forced
fresh1_step0_block49,attn_out,94239,0,8e0ddb15c6aca758,725876c719831aab,0.000000000,0.000000000,0.000000000,1.000000000,-1,0,n/a,forced
fresh2_step0_block49,attn_out,94417,0,8e0ddb15c6aca758,725876c719831aab,0.000000000,0.000000000,0.000000000,1.000000000,-1,0,n/a,forced
fresh3_step0_block49,attn_out,94659,0,8e0ddb15c6aca758,725876c719831aab,0.000000000,0.000000000,0.000000000,1.000000000,-1,0,n/a,forced
